{
    "PPO_obstacle1": {
        "20000_steps": {
            "SR": 0.5416666666666666,
            "avg_step": 35.604166666666664,
            "avg_time": 12.10759430627028,
            "avg_distance": [
                14.521036625212211,
                15.304363934356347,
                13.940594190768223
            ],
            "avg_gap": [
                3.451062261751963,
                3.0208158581518743,
                2.9895726618503935
            ],
            "avg_collision": 3.2708333333333335,
            "avg_evasion": 1.375,
            "avg_reward": -9.9595365524292
        },
        "40000_steps": {
            "SR": 0.28169014084507044,
            "avg_step": 43.985915492957744,
            "avg_time": 14.47421134357721,
            "avg_distance": [
                24.159417127798847,
                22.946620464673877,
                20.84475393418438
            ],
            "avg_gap": [
                3.240462390736145,
                3.181900422241462,
                3.29383910042497
            ],
            "avg_collision": 1.9154929577464788,
            "avg_evasion": 2.2253521126760565,
            "avg_reward": -17.492544174194336
        },
        "60000_steps": {
            "SR": 0.3413173652694611,
            "avg_step": 42.09580838323353,
            "avg_time": 12.627835126694091,
            "avg_distance": [
                24.217825838270397,
                23.142722382365513,
                22.593729339646966
            ],
            "avg_gap": [
                3.1142489810305825,
                3.236445579273979,
                3.0572664697172454
            ],
            "avg_collision": 2.8502994011976046,
            "avg_evasion": 3.251497005988024,
            "avg_reward": -14.543076515197754
        },
        "80000_steps": {
            "SR": 0.44,
            "avg_step": 40.431111111111115,
            "avg_time": 11.832474847369724,
            "avg_distance": [
                23.20206821443805,
                22.80446447886108,
                23.34456944568454
            ],
            "avg_gap": [
                2.8002611473455046,
                3.031180478725932,
                3.007095098117449
            ],
            "avg_collision": 2.951111111111111,
            "avg_evasion": 3.471111111111111,
            "avg_reward": -10.625202178955078
        },
        "100000_steps": {
            "SR": 0.37662337662337664,
            "avg_step": 42.73376623376623,
            "avg_time": 12.272820214172462,
            "avg_distance": [
                27.313237617584775,
                27.14653787522981,
                26.73501963021848
            ],
            "avg_gap": [
                3.1644352426770004,
                3.2877111626276303,
                2.957686312431844
            ],
            "avg_collision": 1.3506493506493507,
            "avg_evasion": 3.7857142857142856,
            "avg_reward": -11.054393768310547
        },
        "120000_steps": {
            "SR": 0.4417808219178082,
            "avg_step": 39.87328767123287,
            "avg_time": 11.485768797462933,
            "avg_distance": [
                24.91847844706668,
                25.476971910625483,
                24.674808769602475
            ],
            "avg_gap": [
                3.116086156748181,
                3.481108412841454,
                3.00507374935637
            ],
            "avg_collision": 1.6815068493150684,
            "avg_evasion": 3.4006849315068495,
            "avg_reward": -8.52187728881836
        },
        "140000_steps": {
            "SR": 0.5745454545454546,
            "avg_step": 37.0,
            "avg_time": 10.715206538980658,
            "avg_distance": [
                21.26113710119756,
                21.909705822364536,
                21.933096679786154
            ],
            "avg_gap": [
                3.0537359370534545,
                3.097221734427169,
                2.7980482514761627
            ],
            "avg_collision": 2.381818181818182,
            "avg_evasion": 3.0254545454545454,
            "avg_reward": -6.501091003417969
        },
        "160000_steps": {
            "SR": 0.6425992779783394,
            "avg_step": 35.808664259927795,
            "avg_time": 10.411215265735391,
            "avg_distance": [
                21.277503232731345,
                21.41362656089597,
                21.08457593981171
            ],
            "avg_gap": [
                2.9128673515008052,
                2.8933148729452722,
                2.836098326840425
            ],
            "avg_collision": 2.1227436823104693,
            "avg_evasion": 2.862815884476534,
            "avg_reward": -5.177237510681152
        },
        "180000_steps": {
            "SR": 0.5555555555555556,
            "avg_step": 36.95238095238095,
            "avg_time": 10.677608663316757,
            "avg_distance": [
                22.97517109365737,
                22.630450981903657,
                21.941931155960553
            ],
            "avg_gap": [
                3.2817790444212727,
                3.2697220329281156,
                2.91307237832927
            ],
            "avg_collision": 1.6952380952380952,
            "avg_evasion": 2.996825396825397,
            "avg_reward": -5.778223991394043
        },
        "200000_steps": {
            "SR": 0.6215277777777778,
            "avg_step": 35.43402777777778,
            "avg_time": 10.236375711858273,
            "avg_distance": [
                21.238463979378803,
                21.62798556498886,
                20.706301498602464
            ],
            "avg_gap": [
                3.033272077175753,
                3.1689782447556945,
                2.835592569728907
            ],
            "avg_collision": 1.8715277777777777,
            "avg_evasion": 2.7743055555555554,
            "avg_reward": -4.320580005645752
        }
    }
}