{
    "PPO_poses0": {
        "20000_steps": {
            "SR": 0.5010752688172043,
            "avg_step": 41.318279569892475,
            "avg_time": 12.620719247735957,
            "avg_distance": [
                20.697171013961135,
                21.045014008366543,
                18.996226266038743
            ],
            "avg_gap": [
                5.040644173694989,
                5.347806193860016,
                5.665197120307996
            ],
            "avg_collision": 3.404301075268817,
            "avg_evasion": 1.2021505376344086,
            "avg_reward": -17.354650497436523
        },
        "40000_steps": {
            "SR": 0.3847926267281106,
            "avg_step": 43.8110599078341,
            "avg_time": 13.500554650060591,
            "avg_distance": [
                26.130688408992633,
                23.898943291180515,
                23.65074504570274
            ],
            "avg_gap": [
                4.749920723705601,
                4.898551877687461,
                5.233642623502606
            ],
            "avg_collision": 4.347926267281106,
            "avg_evasion": 1.2903225806451613,
            "avg_reward": -19.178836822509766
        },
        "60000_steps": {
            "SR": 0.22975929978118162,
            "avg_step": 46.81181619256017,
            "avg_time": 14.39556104088247,
            "avg_distance": [
                30.443831173747782,
                28.0123775782216,
                27.749631155207943
            ],
            "avg_gap": [
                4.1015337444936355,
                4.456169844808277,
                4.715549452743683
            ],
            "avg_collision": 4.052516411378556,
            "avg_evasion": 3.9059080962800876,
            "avg_reward": -19.22933578491211
        },
        "80000_steps": {
            "SR": 0.3524027459954233,
            "avg_step": 44.82837528604119,
            "avg_time": 13.81815983719902,
            "avg_distance": [
                29.457877427636976,
                27.54227866793581,
                27.987250295338836
            ],
            "avg_gap": [
                4.121263572877013,
                4.520829350265038,
                4.8828638087794465
            ],
            "avg_collision": 3.645308924485126,
            "avg_evasion": 3.5720823798627004,
            "avg_reward": -15.329617500305176
        },
        "100000_steps": {
            "SR": 0.3851203501094092,
            "avg_step": 43.29978118161926,
            "avg_time": 13.389303405644856,
            "avg_distance": [
                30.90324700895771,
                28.2208570062404,
                27.3478880055352
            ],
            "avg_gap": [
                4.399644343314657,
                4.836109885931646,
                4.92369714084373
            ],
            "avg_collision": 2.726477024070022,
            "avg_evasion": 2.9693654266958425,
            "avg_reward": -12.852566719055176
        },
        "120000_steps": {
            "SR": 0.5064655172413793,
            "avg_step": 39.5625,
            "avg_time": 12.245996413045916,
            "avg_distance": [
                26.743912435899166,
                25.262347213992836,
                24.37867797294941
            ],
            "avg_gap": [
                4.7348934948753305,
                5.230444112339128,
                5.363978803200559
            ],
            "avg_collision": 3.038793103448276,
            "avg_evasion": 2.4633620689655173,
            "avg_reward": -11.246771812438965
        },
        "140000_steps": {
            "SR": 0.5879732739420935,
            "avg_step": 39.478841870824056,
            "avg_time": 12.235569788777749,
            "avg_distance": [
                26.37415755653513,
                24.759914610599324,
                24.10323480510994
            ],
            "avg_gap": [
                4.596742963492476,
                4.992170525443604,
                5.2338059723413535
            ],
            "avg_collision": 3.4988864142538976,
            "avg_evasion": 2.5902004454342986,
            "avg_reward": -11.192357063293457
        },
        "160000_steps": {
            "SR": 0.54,
            "avg_step": 41.09111111111111,
            "avg_time": 12.738012315962049,
            "avg_distance": [
                27.857453420273817,
                25.929993858032,
                25.632474775122358
            ],
            "avg_gap": [
                4.495328414422014,
                4.803796950295227,
                5.143732780365738
            ],
            "avg_collision": 3.131111111111111,
            "avg_evasion": 2.7911111111111113,
            "avg_reward": -12.379566192626953
        },
        "180000_steps": {
            "SR": 0.5626373626373626,
            "avg_step": 40.36923076923077,
            "avg_time": 11.862660921012962,
            "avg_distance": [
                27.02386562241308,
                25.564968935732004,
                25.528653912578314
            ],
            "avg_gap": [
                4.457763096648693,
                4.851864685908821,
                5.201223471393459
            ],
            "avg_collision": 3.096703296703297,
            "avg_evasion": 2.465934065934066,
            "avg_reward": -10.763457298278809
        },
        "200000_steps": {
            "SR": 0.5746606334841629,
            "avg_step": 40.52714932126697,
            "avg_time": 11.556411428149469,
            "avg_distance": [
                26.95769554234632,
                25.31333147841418,
                24.80167883023511
            ],
            "avg_gap": [
                4.400110085341608,
                4.808476941919783,
                5.083571649522413
            ],
            "avg_collision": 3.3755656108597285,
            "avg_evasion": 2.5475113122171944,
            "avg_reward": -10.76606273651123
        }
    }
}