{
    "TD3_speed1": {
        "20000_steps": {
            "SR": 0.30183727034120733,
            "avg_step": 43.881889763779526,
            "avg_time": 14.48938345345925,
            "avg_distance": [
                28.10123915982564,
                29.147479598268944,
                28.471324701360512
            ],
            "avg_gap": [
                3.2305776138557007,
                4.454916090457713,
                3.342219598845822
            ],
            "avg_collision": 1.141732283464567,
            "avg_evasion": 3.2493438320209975,
            "avg_reward": -13.227457046508789
        },
        "40000_steps": {
            "SR": 0.41114058355437666,
            "avg_step": 41.97082228116711,
            "avg_time": 13.870532171795793,
            "avg_distance": [
                26.92065316922868,
                27.790907104559036,
                26.591588992453623
            ],
            "avg_gap": [
                3.1741418625797317,
                4.607347945947735,
                2.9185634359912997
            ],
            "avg_collision": 1.4801061007957559,
            "avg_evasion": 3.4323607427055705,
            "avg_reward": -10.213141441345215
        },
        "60000_steps": {
            "SR": 0.6564102564102564,
            "avg_step": 35.766666666666666,
            "avg_time": 11.936565511043256,
            "avg_distance": [
                22.455622413573394,
                23.21340014670459,
                22.307056769808977
            ],
            "avg_gap": [
                3.3265274304493557,
                3.441063971142622,
                2.7430746368217633
            ],
            "avg_collision": 1.2435897435897436,
            "avg_evasion": 2.6923076923076925,
            "avg_reward": -3.453829288482666
        },
        "80000_steps": {
            "SR": 0.7620253164556962,
            "avg_step": 33.54683544303798,
            "avg_time": 11.233067857162862,
            "avg_distance": [
                21.439087772635865,
                20.95846803997524,
                20.92754886972818
            ],
            "avg_gap": [
                3.326039332856566,
                3.001817300832468,
                2.797069789376252
            ],
            "avg_collision": 1.5139240506329115,
            "avg_evasion": 2.3873417721518986,
            "avg_reward": -1.1489546298980713
        },
        "100000_steps": {
            "SR": 0.9072681704260651,
            "avg_step": 27.408521303258144,
            "avg_time": 9.277245973883415,
            "avg_distance": [
                17.213107462271,
                17.380064048928826,
                17.28571901532364
            ],
            "avg_gap": [
                3.195936720021902,
                3.415342900980622,
                2.804933747224323
            ],
            "avg_collision": 1.4210526315789473,
            "avg_evasion": 1.7719298245614035,
            "avg_reward": 3.9444925785064697
        },
        "120000_steps": {
            "SR": 0.925,
            "avg_step": 25.945,
            "avg_time": 8.801359108686448,
            "avg_distance": [
                16.615876621423716,
                16.911845560688477,
                16.47405198288
            ],
            "avg_gap": [
                3.1086534574741416,
                3.3377729329437273,
                3.0462845079497503
            ],
            "avg_collision": 1.015,
            "avg_evasion": 1.6125,
            "avg_reward": 5.609337329864502
        },
        "140000_steps": {
            "SR": 0.9438775510204082,
            "avg_step": 24.441326530612244,
            "avg_time": 8.324555352634313,
            "avg_distance": [
                15.733857610604023,
                15.701239276200877,
                15.843945684121177
            ],
            "avg_gap": [
                3.1190716617430763,
                3.3070351251500907,
                3.242354311343619
            ],
            "avg_collision": 0.9183673469387755,
            "avg_evasion": 1.5178571428571428,
            "avg_reward": 6.800431251525879
        },
        "160000_steps": {
            "SR": 0.9554973821989529,
            "avg_step": 24.157068062827225,
            "avg_time": 8.23237430300388,
            "avg_distance": [
                15.933273332374219,
                15.861987290035007,
                15.789240601804432
            ],
            "avg_gap": [
                3.1802497567062002,
                3.3722712718358743,
                3.1268008965847383
            ],
            "avg_collision": 0.7120418848167539,
            "avg_evasion": 1.3926701570680629,
            "avg_reward": 7.334303855895996
        },
        "180000_steps": {
            "SR": 0.9541984732824428,
            "avg_step": 23.264631043256998,
            "avg_time": 7.970187491739676,
            "avg_distance": [
                15.3814491360338,
                15.323940066567195,
                15.240042960947124
            ],
            "avg_gap": [
                3.378482639507199,
                3.206746964704687,
                3.1599890049871817
            ],
            "avg_collision": 0.7684478371501272,
            "avg_evasion": 1.3333333333333333,
            "avg_reward": 8.21759033203125
        },
        "200000_steps": {
            "SR": 0.9282051282051282,
            "avg_step": 24.651282051282053,
            "avg_time": 8.394645933615855,
            "avg_distance": [
                15.898074248229252,
                15.840188664000015,
                15.692592559784117
            ],
            "avg_gap": [
                3.2792593141186206,
                3.2107655374478514,
                3.0657646165569474
            ],
            "avg_collision": 0.9307692307692308,
            "avg_evasion": 1.4153846153846155,
            "avg_reward": 7.2312188148498535
        }
    }
}