{
    "CrossQ_speed0": {
        "20000_steps": {
            "SR": 0.7678571428571429,
            "avg_step": 33.1530612244898,
            "avg_time": 10.317283759919965,
            "avg_distance": [
                21.706806575258422,
                21.563029806111924,
                21.672108235871274
            ],
            "avg_gap": [
                3.055592540735525,
                3.157590925788012,
                2.9459486547978924
            ],
            "avg_collision": 1.1454081632653061,
            "avg_evasion": 3.0739795918367347,
            "avg_reward": -2.2994918823242188
        },
        "40000_steps": {
            "SR": 0.8071065989847716,
            "avg_step": 32.3502538071066,
            "avg_time": 10.104875398771412,
            "avg_distance": [
                20.769211670467254,
                21.039410839797753,
                21.179289020318507
            ],
            "avg_gap": [
                2.984963688894061,
                2.881821809039245,
                2.882416248027
            ],
            "avg_collision": 1.0228426395939085,
            "avg_evasion": 3.1522842639593907,
            "avg_reward": -0.44896814227104187
        },
        "60000_steps": {
            "SR": 0.8197969543147208,
            "avg_step": 31.84010152284264,
            "avg_time": 10.014170579498794,
            "avg_distance": [
                20.743255447143813,
                20.355845668542436,
                20.383342570227555
            ],
            "avg_gap": [
                3.0920597014942306,
                2.909034622258643,
                2.920620800606471
            ],
            "avg_collision": 1.3350253807106598,
            "avg_evasion": 3.050761421319797,
            "avg_reward": -0.03143806383013725
        },
        "80000_steps": {
            "SR": 0.8247422680412371,
            "avg_step": 30.59536082474227,
            "avg_time": 9.622901130582868,
            "avg_distance": [
                19.858812248030993,
                19.983701233838193,
                19.69290201513163
            ],
            "avg_gap": [
                3.013082186080261,
                3.1564092608312935,
                2.87639460562599
            ],
            "avg_collision": 1.3350515463917525,
            "avg_evasion": 2.904639175257732,
            "avg_reward": 0.5105811953544617
        },
        "100000_steps": {
            "SR": 0.8545454545454545,
            "avg_step": 28.742857142857144,
            "avg_time": 9.075315263673856,
            "avg_distance": [
                18.68611611192295,
                18.618533701873687,
                18.541288915511903
            ],
            "avg_gap": [
                3.024211229739221,
                3.0465335802604083,
                2.9383746640076325
            ],
            "avg_collision": 1.161038961038961,
            "avg_evasion": 2.688311688311688,
            "avg_reward": 2.5542831420898438
        },
        "120000_steps": {
            "SR": 0.8366834170854272,
            "avg_step": 30.14070351758794,
            "avg_time": 9.469769380200448,
            "avg_distance": [
                19.691858956451185,
                19.61801519325699,
                19.68574046965194
            ],
            "avg_gap": [
                3.0568114314271693,
                2.897324931311545,
                3.0201401157623784
            ],
            "avg_collision": 1.150753768844221,
            "avg_evasion": 2.879396984924623,
            "avg_reward": 1.756381869316101
        },
        "140000_steps": {
            "SR": 0.8678756476683938,
            "avg_step": 28.818652849740932,
            "avg_time": 9.128990496378488,
            "avg_distance": [
                18.854093824282607,
                18.677427376868927,
                18.460743083940066
            ],
            "avg_gap": [
                3.255973176687751,
                3.112721068279922,
                3.1411295188530755
            ],
            "avg_collision": 1.0829015544041452,
            "avg_evasion": 2.7072538860103625,
            "avg_reward": 2.0750908851623535
        },
        "160000_steps": {
            "SR": 0.8766404199475065,
            "avg_step": 27.073490813648295,
            "avg_time": 8.614165372422987,
            "avg_distance": [
                17.680818218473714,
                17.685000405715485,
                17.65924135394906
            ],
            "avg_gap": [
                2.995955265013354,
                3.0517694969042273,
                3.105165774980271
            ],
            "avg_collision": 1.0971128608923884,
            "avg_evasion": 2.593175853018373,
            "avg_reward": 3.521742343902588
        },
        "180000_steps": {
            "SR": 0.8936708860759494,
            "avg_step": 27.749367088607595,
            "avg_time": 8.798138687882242,
            "avg_distance": [
                18.12112828068269,
                17.722911358991453,
                17.87815191442396
            ],
            "avg_gap": [
                3.0463713237620493,
                3.0120786805146014,
                3.038977044079284
            ],
            "avg_collision": 1.1518987341772151,
            "avg_evasion": 2.5670886075949366,
            "avg_reward": 3.914391279220581
        },
        "200000_steps": {
            "SR": 0.8975741239892183,
            "avg_step": 27.86522911051213,
            "avg_time": 8.824679773772823,
            "avg_distance": [
                18.02726566050736,
                18.169379444474473,
                18.259131009318313
            ],
            "avg_gap": [
                3.068583730525853,
                3.0428568583806506,
                2.903647497450413
            ],
            "avg_collision": 1.1024258760107817,
            "avg_evasion": 2.706199460916442,
            "avg_reward": 3.4891598224639893
        }
    }
}