{
    "SAC": {
        "default": {
            "SR": 0.8595744680851064,
            "avg_step": 18.09468085106383,
            "avg_time": 4.21510438082066,
            "avg_distance": [
                11.35056890597796,
                10.828528988357085
            ],
            "avg_gap": [
                5.342840699162352,
                5.673631333401495
            ],
            "avg_collision": 0.07446808510638298,
            "avg_evasion": 0.0,
            "avg_reward": 7.2229743003845215
        },
        "poses0": {
            "SR": 1.0,
            "avg_step": 26.226,
            "avg_time": 5.916227410554886,
            "avg_distance": [
                23.05367889113852,
                20.709454121829577
            ],
            "avg_gap": [
                8.433182045002791,
                9.249449970155235
            ],
            "avg_collision": 0.015,
            "avg_evasion": 0.0,
            "avg_reward": -9.914865493774414
        },
        "obstacle0": {
            "SR": 0.8355029585798817,
            "avg_step": 20.190532544378698,
            "avg_time": 4.745119834651608,
            "avg_distance": [
                11.363344741963607,
                10.673479791503784
            ],
            "avg_gap": [
                5.3293733312055425,
                5.839966751977402
            ],
            "avg_collision": 0.2,
            "avg_evasion": 0.0,
            "avg_reward": 4.552365303039551
        },
        "friction0": {
            "SR": 0.8681564245810056,
            "avg_step": 17.721787709497207,
            "avg_time": 4.090085832499925,
            "avg_distance": [
                11.220624078750673,
                10.649267672098075
            ],
            "avg_gap": [
                5.262995142435718,
                5.627441356546578
            ],
            "avg_collision": 0.054748603351955305,
            "avg_evasion": 0.0,
            "avg_reward": 6.223499774932861
        },
        "obstacle1": {
            "SR": 0.8500551267916208,
            "avg_step": 19.044101433296582,
            "avg_time": 4.574251128136783,
            "avg_distance": [
                11.83417296797798,
                11.58977079312635
            ],
            "avg_gap": [
                5.296706164795938,
                5.616991531924479
            ],
            "avg_collision": 0.13561190738699008,
            "avg_evasion": 0.0,
            "avg_reward": 4.0086212158203125
        },
        "friction1": {
            "SR": 0.833,
            "avg_step": 20.04,
            "avg_time": 4.7092536654472354,
            "avg_distance": [
                12.076074888963895,
                11.388394892213071
            ],
            "avg_gap": [
                5.32573825600369,
                5.620306985485034
            ],
            "avg_collision": 0.051,
            "avg_evasion": 0.0,
            "avg_reward": 4.069176197052002
        }
    }
}