{
    "TRPO_obstacle0": {
        "20000_steps": {
            "SR": 0.08947368421052632,
            "avg_step": 48.036842105263155,
            "avg_time": 14.55778994936692,
            "avg_distance": [
                23.24162700465608,
                21.814445770233828,
                22.948915667693516
            ],
            "avg_gap": [
                3.637101502821808,
                3.6522567657695233,
                3.711399844991003
            ],
            "avg_collision": 1.5526315789473684,
            "avg_evasion": 3.163157894736842,
            "avg_reward": -20.900880813598633
        },
        "40000_steps": {
            "SR": 0.22972972972972974,
            "avg_step": 45.02252252252252,
            "avg_time": 13.69006131683384,
            "avg_distance": [
                22.789779737165777,
                22.49261867729181,
                21.189700849893715
            ],
            "avg_gap": [
                3.9139389806743874,
                3.137711313044983,
                3.6599665555326477
            ],
            "avg_collision": 1.6216216216216217,
            "avg_evasion": 3.581081081081081,
            "avg_reward": -16.807788848876953
        }
    }
}