{
    "TD3_friction0": {
        "20000_steps": {
            "SR": 0.3518987341772152,
            "avg_step": 42.07848101265823,
            "avg_time": 14.004884692687023,
            "avg_distance": [
                27.42976852834165,
                28.253538668338344,
                27.613676945345063
            ],
            "avg_gap": [
                3.2258204745785815,
                4.354968830561977,
                3.241640661275682
            ],
            "avg_collision": 1.2936708860759494,
            "avg_evasion": 3.5822784810126582,
            "avg_reward": -11.663694381713867
        },
        "40000_steps": {
            "SR": 0.43699731903485256,
            "avg_step": 41.15817694369973,
            "avg_time": 13.700628935811347,
            "avg_distance": [
                26.30622387065208,
                27.708575591322564,
                26.12653136924112
            ],
            "avg_gap": [
                2.9323593745022336,
                4.177703157121687,
                2.8589035766665036
            ],
            "avg_collision": 1.1179624664879357,
            "avg_evasion": 3.9517426273458445,
            "avg_reward": -8.71445083618164
        },
        "60000_steps": {
            "SR": 0.7532467532467533,
            "avg_step": 33.70649350649351,
            "avg_time": 11.315542030334473,
            "avg_distance": [
                21.192135282765772,
                21.57681552633121,
                21.342175979830785
            ],
            "avg_gap": [
                3.2208621513884075,
                3.159887080147043,
                2.872685948407456
            ],
            "avg_collision": 1.4103896103896103,
            "avg_evasion": 2.846753246753247,
            "avg_reward": -2.0231776237487793
        },
        "80000_steps": {
            "SR": 0.8061224489795918,
            "avg_step": 31.535714285714285,
            "avg_time": 10.630790439187264,
            "avg_distance": [
                20.15983418328804,
                19.975130423138037,
                19.8709338177588
            ],
            "avg_gap": [
                3.1769474111193268,
                3.1634840980521344,
                2.883337206010717
            ],
            "avg_collision": 1.6785714285714286,
            "avg_evasion": 2.7219387755102042,
            "avg_reward": 0.4582534432411194
        },
        "100000_steps": {
            "SR": 0.9363867684478372,
            "avg_step": 25.732824427480917,
            "avg_time": 8.743799066422246,
            "avg_distance": [
                16.314652856275362,
                16.394270915869857,
                16.54827678082977
            ],
            "avg_gap": [
                2.9959520854800097,
                3.328769694910232,
                3.053155446049276
            ],
            "avg_collision": 1.0229007633587786,
            "avg_evasion": 2.0279898218829517,
            "avg_reward": 5.411122798919678
        },
        "120000_steps": {
            "SR": 0.9378109452736318,
            "avg_step": 24.52238805970149,
            "avg_time": 8.34170173531148,
            "avg_distance": [
                16.003560437511844,
                15.872115945188416,
                16.083087288733015
            ],
            "avg_gap": [
                3.056970060237268,
                3.2208371638064097,
                3.0370753970045077
            ],
            "avg_collision": 0.7786069651741293,
            "avg_evasion": 1.743781094527363,
            "avg_reward": 7.073281288146973
        },
        "140000_steps": {
            "SR": 0.9397905759162304,
            "avg_step": 24.212041884816752,
            "avg_time": 8.300421668596917,
            "avg_distance": [
                15.574594866849468,
                15.680831541332651,
                15.56999762482568
            ],
            "avg_gap": [
                3.3217620310414526,
                3.263264464735842,
                3.1328719738811115
            ],
            "avg_collision": 0.8481675392670157,
            "avg_evasion": 1.7382198952879582,
            "avg_reward": 6.8336181640625
        },
        "160000_steps": {
            "SR": 0.9494949494949495,
            "avg_step": 23.957070707070706,
            "avg_time": 8.181606681659968,
            "avg_distance": [
                15.734000246275972,
                15.467574907378213,
                15.588860838839194
            ],
            "avg_gap": [
                3.19167454830106,
                3.1023827496478935,
                2.871468827216894
            ],
            "avg_collision": 1.0151515151515151,
            "avg_evasion": 1.7575757575757576,
            "avg_reward": 7.856872081756592
        },
        "180000_steps": {
            "SR": 0.9615384615384616,
            "avg_step": 22.130769230769232,
            "avg_time": 7.623883087207109,
            "avg_distance": [
                14.497207490078036,
                14.435287056165143,
                14.437276564651455
            ],
            "avg_gap": [
                3.32055482211993,
                3.234733499869171,
                2.9546249379342924
            ],
            "avg_collision": 1.0,
            "avg_evasion": 1.5512820512820513,
            "avg_reward": 9.21251392364502
        },
        "200000_steps": {
            "SR": 0.9706601466992665,
            "avg_step": 22.83129584352078,
            "avg_time": 7.839293277059616,
            "avg_distance": [
                14.7800898350898,
                14.761619581935847,
                15.020660630534557
            ],
            "avg_gap": [
                3.0467406210621077,
                3.1200113731833197,
                3.129515009210277
            ],
            "avg_collision": 0.7628361858190709,
            "avg_evasion": 1.5354523227383863,
            "avg_reward": 9.157801628112793
        }
    }
}