{
    "TD3_friction1": {
        "20000_steps": {
            "SR": 0.3629191321499014,
            "avg_step": 39.06903353057199,
            "avg_time": 8.87231216157917,
            "avg_distance": [
                20.963027358880076,
                22.307200897155806
            ],
            "avg_gap": [
                6.6271403271266704,
                6.861480254885374
            ],
            "avg_collision": 0.22090729783037474,
            "avg_evasion": 0.0,
            "avg_reward": -14.11402416229248
        },
        "40000_steps": {
            "SR": 0.4251012145748988,
            "avg_step": 36.35627530364373,
            "avg_time": 8.294475783220669,
            "avg_distance": [
                18.926150020909557,
                20.899365065630917
            ],
            "avg_gap": [
                6.652829854285595,
                6.60780557697358
            ],
            "avg_collision": 0.06477732793522267,
            "avg_evasion": 0.0,
            "avg_reward": -11.0927095413208
        },
        "60000_steps": {
            "SR": 0.5352112676056338,
            "avg_step": 32.83702213279678,
            "avg_time": 7.503423934491347,
            "avg_distance": [
                18.195722558412793,
                18.72854990671982
            ],
            "avg_gap": [
                6.809941482456011,
                6.122735946197754
            ],
            "avg_collision": 0.08450704225352113,
            "avg_evasion": 0.0,
            "avg_reward": -7.787374019622803
        },
        "80000_steps": {
            "SR": 0.6471774193548387,
            "avg_step": 29.776209677419356,
            "avg_time": 6.875741065509858,
            "avg_distance": [
                15.42389198265786,
                17.697671474227437
            ],
            "avg_gap": [
                6.763858945004777,
                5.677325449264073
            ],
            "avg_collision": 0.0625,
            "avg_evasion": 0.0,
            "avg_reward": -6.0727338790893555
        },
        "100000_steps": {
            "SR": 0.7188755020080321,
            "avg_step": 25.347389558232933,
            "avg_time": 5.921053797844423,
            "avg_distance": [
                13.89893037317989,
                14.557112707173115
            ],
            "avg_gap": [
                6.832392367745192,
                5.5688826136746945
            ],
            "avg_collision": 0.13453815261044177,
            "avg_evasion": 0.0,
            "avg_reward": -1.3612475395202637
        },
        "120000_steps": {
            "SR": 0.7024291497975709,
            "avg_step": 25.24089068825911,
            "avg_time": 5.87614715388912,
            "avg_distance": [
                13.11320784202006,
                14.965756674715866
            ],
            "avg_gap": [
                6.97266863652139,
                5.619298800606858
            ],
            "avg_collision": 0.04048582995951417,
            "avg_evasion": 0.0,
            "avg_reward": -1.5012789964675903
        },
        "140000_steps": {
            "SR": 0.7465069860279441,
            "avg_step": 24.013972055888225,
            "avg_time": 5.629486672178714,
            "avg_distance": [
                12.227686792367413,
                13.859323279684654
            ],
            "avg_gap": [
                7.064886551377643,
                5.772293838105961
            ],
            "avg_collision": 0.19161676646706588,
            "avg_evasion": 0.0,
            "avg_reward": -0.7644145488739014
        },
        "160000_steps": {
            "SR": 0.8056112224448898,
            "avg_step": 20.551102204408817,
            "avg_time": 4.884008134773117,
            "avg_distance": [
                10.622324824910114,
                11.989029575581029
            ],
            "avg_gap": [
                6.487076538148486,
                5.983639387274859
            ],
            "avg_collision": 0.12024048096192384,
            "avg_evasion": 0.0,
            "avg_reward": 4.106687545776367
        },
        "180000_steps": {
            "SR": 0.7270916334661355,
            "avg_step": 23.90836653386454,
            "avg_time": 4.4230361117784724,
            "avg_distance": [
                11.495818670821132,
                13.404202950160826
            ],
            "avg_gap": [
                7.133725618959548,
                6.180851688982743
            ],
            "avg_collision": 0.017928286852589643,
            "avg_evasion": 0.0,
            "avg_reward": -1.3053799867630005
        },
        "200000_steps": {
            "SR": 0.7656565656565657,
            "avg_step": 22.15959595959596,
            "avg_time": 3.657163156162609,
            "avg_distance": [
                10.880616579380497,
                13.239122758166422
            ],
            "avg_gap": [
                7.117714409923653,
                5.612349785937071
            ],
            "avg_collision": 0.046464646464646465,
            "avg_evasion": 0.0,
            "avg_reward": 1.9657211303710938
        }
    }
}