{
    "search": {
        "TD3": {
            "steps": [
                20000,
                40000,
                60000,
                80000,
                100000,
                120000,
                140000,
                160000,
                180000,
                200000
            ],
            "rs_scores": [
                1.7458117059852292,
                1.8888800443360136,
                1.8553635643724362,
                1.605386132751166,
                1.78022356389601,
                1.8141435426340586,
                1.8068561820097828,
                2.613419433512156,
                1.5449360181535408,
                1.6226374046705492
            ],
            "sigma_scores": [
                1.6514373602359131,
                1.844337555997845,
                1.904225391183,
                1.3473811029083134,
                1.5959883177680811,
                1.651736447711788,
                1.519543828862067,
                2.353315177398466,
                0.9758847916949476,
                1.1669757065929192
            ],
            "single_sr_scores": [
                2.574303606505901,
                2.9645459139495096,
                3.128149376460216,
                2.9200237387215013,
                3.396563286823242,
                2.9664043648231804,
                3.146946984370482,
                4.256454051297018,
                2.7455510099594234,
                2.820087892428586
            ]
        }
    },
    "capture": {
        "TD3": {
            "steps": [
                20000,
                40000,
                60000,
                80000,
                100000,
                120000,
                140000,
                160000,
                180000,
                200000
            ],
            "rs_scores": [
                1.1947884062291223,
                1.124636836289525,
                1.3684949734439995,
                1.2023463368180143,
                1.4303656533390179,
                1.3629465506441116,
                1.4362433171960345,
                1.4365721926017865,
                1.2573046368051792,
                1.4434592106871995
            ],
            "sigma_scores": [
                0.2564290303344069,
                0.1392042961836204,
                0.240276465022774,
                0.009485858482834897,
                0.2772816690455179,
                0.2591261893497093,
                0.3476841105565035,
                0.35577183004736046,
                0.1552493387670465,
                0.3396048960099478
            ],
            "single_sr_scores": [
                1.0324709564112053,
                1.367013126047166,
                1.9188498601512092,
                1.7807920497386598,
                2.368354791442972,
                2.6149025461471345,
                2.8523766148082568,
                2.844071390110445,
                2.61610255103783,
                2.817269123053153
            ]
        },
        "PPO": {
            "steps": [
                20000,
                40000,
                60000,
                80000,
                100000,
                120000,
                140000,
                160000,
                180000,
                200000
            ],
            "rs_scores": [
                0.9052370161240102,
                0.9161584957861452,
                1.207385044765936,
                1.22056076702689,
                1.1246103993868062,
                1.0129331587595547,
                1.1243307349121965,
                1.3261533426023706,
                1.1529107683480113,
                1.3920458789359649
            ],
            "sigma_scores": [
                -0.26818827816504465,
                -0.050680508264355884,
                0.16884494122245752,
                0.07827590322689759,
                0.1584354288444323,
                -0.07684118365226045,
                -0.1154892765117379,
                0.13344995101553914,
                -0.03903754088978317,
                0.27161399508673123
            ],
            "single_sr_scores": [
                0.8946356779274963,
                0.8777682596303465,
                0.8872637581679813,
                1.3080096607897784,
                1.0346690774423257,
                1.106517376928559,
                1.396795192295435,
                1.5236033429898077,
                1.3379586292235204,
                1.789220824956131
            ]
        }
    }
}