{
    "TD3": {
        "default": {
            "SR": 0.9436795994993742,
            "avg_step": 23.67083854818523,
            "avg_time": 8.136725461527762,
            "avg_distance": [
                15.414396798010241,
                15.226899894405319,
                15.261277787443326
            ],
            "avg_gap": [
                3.1277538987468163,
                2.969018547393848,
                3.043092671887651
            ],
            "avg_collision": 1.1126408010012516,
            "avg_evasion": 1.6545682102628285,
            "avg_reward": 8.261311531066895
        },
        "speed0": {
            "SR": 0.9493333333333334,
            "avg_step": 23.888,
            "avg_time": 6.733140434265136,
            "avg_distance": [
                15.745626806182752,
                15.653760698309144,
                15.742978102063782
            ],
            "avg_gap": [
                3.263621253026256,
                3.0051639892687914,
                3.055674429135397
            ],
            "avg_collision": 0.9906666666666667,
            "avg_evasion": 2.005333333333333,
            "avg_reward": 7.526098728179932
        },
        "speed1": {
            "SR": 0.9604591836734694,
            "avg_step": 24.116071428571427,
            "avg_time": 8.232262255585923,
            "avg_distance": [
                15.824492924884492,
                15.803000548838488,
                15.533464613251581
            ],
            "avg_gap": [
                3.3143073695016954,
                3.17543783565645,
                3.153498255816616
            ],
            "avg_collision": 0.9438775510204082,
            "avg_evasion": 1.3341836734693877,
            "avg_reward": 7.621045112609863
        },
        "obstacle0": {
            "SR": 0.7526205450733753,
            "avg_step": 30.9937106918239,
            "avg_time": 11.259086908284473,
            "avg_distance": [
                14.791280891973136,
                14.619471839619987,
                15.110975373958675
            ],
            "avg_gap": [
                3.401193091844734,
                3.2814032151289063,
                3.1694500628907267
            ],
            "avg_collision": 1.1090146750524108,
            "avg_evasion": 2.542976939203354,
            "avg_reward": 1.0624160766601562
        },
        "obstacle1": {
            "SR": 0.9491778774289985,
            "avg_step": 23.692077727952167,
            "avg_time": 8.17500958243115,
            "avg_distance": [
                15.226639377203508,
                15.091864084697376,
                14.962878083363588
            ],
            "avg_gap": [
                3.219180971707533,
                3.08523221940575,
                3.0133853476865253
            ],
            "avg_collision": 0.9880418535127056,
            "avg_evasion": 1.6816143497757847,
            "avg_reward": 7.978648662567139
        },
        "poses0": {
            "SR": 0.9432773109243697,
            "avg_step": 28.942226890756302,
            "avg_time": 9.794508100307288,
            "avg_distance": [
                20.810673653112268,
                19.598888312572157,
                18.948442253445016
            ],
            "avg_gap": [
                5.46841432391054,
                5.981019437263862,
                6.4249274360497495
            ],
            "avg_collision": 1.773109243697479,
            "avg_evasion": 1.0955882352941178,
            "avg_reward": -3.263740301132202
        },
        "poses1": {
            "SR": 0.9916054564533053,
            "avg_step": 10.974816369359916,
            "avg_time": 4.033624891219084,
            "avg_distance": [
                5.537074409866863,
                5.576198653765285,
                5.994403701610561
            ],
            "avg_gap": [
                1.1160493794832989,
                0.9396508568850063,
                1.1031253697883305
            ],
            "avg_collision": 0.6075550891920252,
            "avg_evasion": 0.7324239244491081,
            "avg_reward": 39.87935256958008
        },
        "friction0": {
            "SR": 0.9741518578352181,
            "avg_step": 21.49919224555735,
            "avg_time": 5.063215001912032,
            "avg_distance": [
                14.65462760939982,
                14.543788241681119,
                14.565983216656017
            ],
            "avg_gap": [
                3.299094024279114,
                3.115852186585629,
                3.26525987180574
            ],
            "avg_collision": 0.9353796445880452,
            "avg_evasion": 1.4281098546042004,
            "avg_reward": 9.201367378234863
        },
        "friction1": {
            "SR": 0.9182692307692307,
            "avg_step": 24.89903846153846,
            "avg_time": 5.824060198779289,
            "avg_distance": [
                15.303393797267391,
                15.485385262893638,
                15.461115163768708
            ],
            "avg_gap": [
                3.148059252391663,
                2.9541127581202455,
                3.057834852969923
            ],
            "avg_collision": 0.9423076923076923,
            "avg_evasion": 1.7572115384615385,
            "avg_reward": 7.687525749206543
        }
    }
}