{
    "DDPG_default": {
        "20000_steps": {
            "SR": 0.3938618925831202,
            "avg_step": 43.332480818414325,
            "avg_time": 13.296190706970137,
            "avg_distance": [
                28.33437037230636,
                28.359771710045994,
                28.62003382854049
            ],
            "avg_gap": [
                3.361871370624308,
                3.0162751160885137,
                3.5177144687118425
            ],
            "avg_collision": 1.1892583120204603,
            "avg_evasion": 4.130434782608695,
            "avg_reward": -11.09519100189209
        },
        "40000_steps": {
            "SR": 0.7374005305039788,
            "avg_step": 35.23342175066313,
            "avg_time": 10.946231309551775,
            "avg_distance": [
                22.944754193372745,
                22.61221135780178,
                22.255976711372128
            ],
            "avg_gap": [
                3.1704717208760362,
                2.973728079827328,
                3.0551731873416736
            ],
            "avg_collision": 1.3262599469496021,
            "avg_evasion": 2.9681697612732094,
            "avg_reward": -2.907728672027588
        },
        "60000_steps": {
            "SR": 0.8198924731182796,
            "avg_step": 31.97043010752688,
            "avg_time": 9.979525882069783,
            "avg_distance": [
                20.539001311181973,
                20.033745922420312,
                20.444916754402684
            ],
            "avg_gap": [
                3.0819794660806332,
                2.829712954021043,
                3.173840052728287
            ],
            "avg_collision": 1.3225806451612903,
            "avg_evasion": 2.663978494623656,
            "avg_reward": 0.4747491776943207
        },
        "80000_steps": {
            "SR": 0.8772845953002611,
            "avg_step": 28.39947780678851,
            "avg_time": 8.917502224600968,
            "avg_distance": [
                18.53408037174409,
                17.911680992973224,
                17.978078183298745
            ],
            "avg_gap": [
                3.2450929994531066,
                2.90496977178904,
                3.0321782102308723
            ],
            "avg_collision": 1.04177545691906,
            "avg_evasion": 2.2140992167101827,
            "avg_reward": 3.9861183166503906
        },
        "100000_steps": {
            "SR": 0.9053708439897699,
            "avg_step": 27.17391304347826,
            "avg_time": 8.551801046751955,
            "avg_distance": [
                17.60265466937154,
                17.29243130628977,
                17.669240138632524
            ],
            "avg_gap": [
                3.156221205271042,
                2.8822844739877067,
                3.072040975242627
            ],
            "avg_collision": 0.9948849104859335,
            "avg_evasion": 2.0664961636828645,
            "avg_reward": 5.518925666809082
        },
        "120000_steps": {
            "SR": 0.9123711340206185,
            "avg_step": 26.201030927835053,
            "avg_time": 8.306099220035003,
            "avg_distance": [
                17.124394429220647,
                16.843432206579948,
                16.975538923432335
            ],
            "avg_gap": [
                3.0631353334900235,
                2.7735438026547445,
                3.1302716965794453
            ],
            "avg_collision": 1.097938144329897,
            "avg_evasion": 1.7190721649484537,
            "avg_reward": 6.423517227172852
        },
        "140000_steps": {
            "SR": 0.9243902439024391,
            "avg_step": 27.460975609756098,
            "avg_time": 8.649226052005117,
            "avg_distance": [
                18.178122132473767,
                17.810153087468393,
                17.849090072388147
            ],
            "avg_gap": [
                3.2325094559428695,
                2.9778294266842513,
                2.990771070879035
            ],
            "avg_collision": 1.3,
            "avg_evasion": 2.080487804878049,
            "avg_reward": 5.535905361175537
        },
        "160000_steps": {
            "SR": 0.9156010230179028,
            "avg_step": 26.10997442455243,
            "avg_time": 8.262684677567933,
            "avg_distance": [
                17.36490387480252,
                16.942448346951924,
                16.937742668451087
            ],
            "avg_gap": [
                3.2343658716466606,
                3.1548284365731,
                3.0411466463593584
            ],
            "avg_collision": 0.8542199488491049,
            "avg_evasion": 1.9028132992327367,
            "avg_reward": 6.6101250648498535
        },
        "180000_steps": {
            "SR": 0.9399477806788512,
            "avg_step": 26.318537859007833,
            "avg_time": 8.335741319482072,
            "avg_distance": [
                17.54650365860753,
                17.172173782642467,
                17.54374194420342
            ],
            "avg_gap": [
                3.1505707389246416,
                3.0210681603095333,
                3.1283479700410477
            ],
            "avg_collision": 0.835509138381201,
            "avg_evasion": 1.9608355091383811,
            "avg_reward": 6.561295986175537
        },
        "200000_steps": {
            "SR": 0.95,
            "avg_step": 25.436842105263157,
            "avg_time": 8.036190627750598,
            "avg_distance": [
                16.740656886510326,
                16.314381776841287,
                16.76058251729935
            ],
            "avg_gap": [
                3.019263533525104,
                2.901984526864955,
                3.0545272491526427
            ],
            "avg_collision": 0.9710526315789474,
            "avg_evasion": 1.768421052631579,
            "avg_reward": 8.173213958740234
        }
    }
}