{
    "TD3_default": {
        "20000_steps": {
            "SR": 0.35374149659863946,
            "avg_step": 37.81859410430839,
            "avg_time": 8.572517584240625,
            "avg_distance": [
                22.125409988081394,
                22.854009650829614
            ],
            "avg_gap": [
                6.489422304516185,
                6.542683215161183
            ],
            "avg_collision": 0.10430839002267574,
            "avg_evasion": 0.0,
            "avg_reward": -11.958213806152344
        },
        "40000_steps": {
            "SR": 0.4735576923076923,
            "avg_step": 34.41346153846154,
            "avg_time": 7.825745674853142,
            "avg_distance": [
                20.028158078981278,
                20.705414922433754
            ],
            "avg_gap": [
                6.68360679228237,
                6.274829054495671
            ],
            "avg_collision": 0.09134615384615384,
            "avg_evasion": 0.0,
            "avg_reward": -9.784489631652832
        },
        "60000_steps": {
            "SR": 0.5862068965517241,
            "avg_step": 31.085057471264367,
            "avg_time": 7.126593169398691,
            "avg_distance": [
                18.535690285106995,
                18.411493562346887
            ],
            "avg_gap": [
                6.223808877943875,
                6.059861047456739
            ],
            "avg_collision": 0.21379310344827587,
            "avg_evasion": 0.0,
            "avg_reward": -6.2335028648376465
        },
        "80000_steps": {
            "SR": 0.723404255319149,
            "avg_step": 25.14657210401891,
            "avg_time": 5.883235565595875,
            "avg_distance": [
                15.491418532539448,
                15.586124698988334
            ],
            "avg_gap": [
                6.034522729024816,
                5.55324666319826
            ],
            "avg_collision": 0.1111111111111111,
            "avg_evasion": 0.0,
            "avg_reward": -0.23850789666175842
        },
        "100000_steps": {
            "SR": 0.773542600896861,
            "avg_step": 22.067264573991032,
            "avg_time": 5.1582388049283905,
            "avg_distance": [
                13.515883297834856,
                13.7012188416453
            ],
            "avg_gap": [
                6.054322857175873,
                5.5547755771336105
            ],
            "avg_collision": 0.1210762331838565,
            "avg_evasion": 0.0,
            "avg_reward": 4.901662826538086
        },
        "120000_steps": {
            "SR": 0.8047619047619048,
            "avg_step": 21.561904761904763,
            "avg_time": 5.079914888881501,
            "avg_distance": [
                12.896842092801576,
                13.57337118302652
            ],
            "avg_gap": [
                6.418991081174865,
                5.659571284979477
            ],
            "avg_collision": 0.04285714285714286,
            "avg_evasion": 0.0,
            "avg_reward": 3.737339973449707
        },
        "140000_steps": {
            "SR": 0.8294392523364486,
            "avg_step": 20.796728971962615,
            "avg_time": 4.942242484226405,
            "avg_distance": [
                12.180896368039656,
                13.025941168732427
            ],
            "avg_gap": [
                6.661558666194927,
                5.520623039885879
            ],
            "avg_collision": 0.08177570093457943,
            "avg_evasion": 0.0,
            "avg_reward": 3.8254668712615967
        },
        "160000_steps": {
            "SR": 0.825503355704698,
            "avg_step": 19.843400447427292,
            "avg_time": 4.697906746426951,
            "avg_distance": [
                12.306601836054764,
                11.942669410792941
            ],
            "avg_gap": [
                6.432006582066622,
                5.831244875342997
            ],
            "avg_collision": 0.049217002237136466,
            "avg_evasion": 0.0,
            "avg_reward": 4.6041741371154785
        },
        "180000_steps": {
            "SR": 0.8399014778325123,
            "avg_step": 18.438423645320196,
            "avg_time": 4.434132191347959,
            "avg_distance": [
                10.895850062860612,
                11.505655870542274
            ],
            "avg_gap": [
                6.536050802401754,
                5.403926862216486
            ],
            "avg_collision": 0.10344827586206896,
            "avg_evasion": 0.0,
            "avg_reward": 6.087994575500488
        },
        "200000_steps": {
            "SR": 0.8960739030023095,
            "avg_step": 16.579676674364897,
            "avg_time": 3.727546196886904,
            "avg_distance": [
                9.956157555452767,
                10.34630462076208
            ],
            "avg_gap": [
                6.851987428168956,
                5.382320125224933
            ],
            "avg_collision": 0.17782909930715934,
            "avg_evasion": 0.0,
            "avg_reward": 7.399661064147949
        }
    }
}