{
    "TD3_poses0": {
        "20000_steps": {
            "SR": 0.44565217391304346,
            "avg_step": 41.697826086956525,
            "avg_time": 13.836449793629024,
            "avg_distance": [
                27.501090694349063,
                27.527892794195562,
                26.992799324939433
            ],
            "avg_gap": [
                5.664366221807082,
                4.895924266996274,
                5.39764008033091
            ],
            "avg_collision": 1.576086956521739,
            "avg_evasion": 2.5304347826086957,
            "avg_reward": -13.686907768249512
        },
        "40000_steps": {
            "SR": 0.4518201284796574,
            "avg_step": 42.45824411134904,
            "avg_time": 14.06896456814425,
            "avg_distance": [
                28.54981154760742,
                27.925589331592466,
                26.55035142554968
            ],
            "avg_gap": [
                5.225984821245883,
                4.805822574552421,
                4.973781978442236
            ],
            "avg_collision": 1.9850107066381157,
            "avg_evasion": 2.903640256959315,
            "avg_reward": -12.7000150680542
        },
        "60000_steps": {
            "SR": 0.7272727272727273,
            "avg_step": 38.15367965367965,
            "avg_time": 12.685995031744886,
            "avg_distance": [
                26.400977790258104,
                24.656096032312803,
                23.916811414789837
            ],
            "avg_gap": [
                6.318211929018356,
                4.967520251611621,
                5.03621432567286
            ],
            "avg_collision": 1.7640692640692641,
            "avg_evasion": 2.173160173160173,
            "avg_reward": -8.711236000061035
        },
        "80000_steps": {
            "SR": 0.7430997876857749,
            "avg_step": 35.52653927813164,
            "avg_time": 11.848096919414091,
            "avg_distance": [
                25.26711752467782,
                23.080125366555823,
                22.088700323980817
            ],
            "avg_gap": [
                4.877260554016772,
                5.306310384359404,
                5.537635090494538
            ],
            "avg_collision": 2.5095541401273884,
            "avg_evasion": 1.7770700636942676,
            "avg_reward": -6.409492015838623
        },
        "100000_steps": {
            "SR": 0.8739130434782608,
            "avg_step": 32.68043478260869,
            "avg_time": 11.00573960231698,
            "avg_distance": [
                22.54533079185363,
                21.596275169348527,
                20.79090472523292
            ],
            "avg_gap": [
                5.898089086070737,
                5.346924155445498,
                5.717373169785776
            ],
            "avg_collision": 1.8021739130434782,
            "avg_evasion": 1.5804347826086957,
            "avg_reward": -5.239650249481201
        },
        "120000_steps": {
            "SR": 0.9055793991416309,
            "avg_step": 31.63304721030043,
            "avg_time": 10.618325292808304,
            "avg_distance": [
                22.351857062807305,
                20.95746027271466,
                20.392777425490234
            ],
            "avg_gap": [
                5.291428705743629,
                5.673475450025064,
                6.011159462909989
            ],
            "avg_collision": 2.3862660944206007,
            "avg_evasion": 1.206008583690987,
            "avg_reward": -3.966679334640503
        },
        "140000_steps": {
            "SR": 0.9473684210526315,
            "avg_step": 29.09263157894737,
            "avg_time": 9.834467756873684,
            "avg_distance": [
                21.10983559992085,
                19.672887478854353,
                19.052890451514315
            ],
            "avg_gap": [
                5.4762194778661994,
                5.956033495894192,
                6.3487008264377955
            ],
            "avg_collision": 2.0736842105263156,
            "avg_evasion": 0.9284210526315789,
            "avg_reward": -3.280029773712158
        },
        "160000_steps": {
            "SR": 0.9495798319327731,
            "avg_step": 29.159663865546218,
            "avg_time": 9.859224185723217,
            "avg_distance": [
                20.892694592781705,
                20.078628498281414,
                19.251676320341055
            ],
            "avg_gap": [
                5.80082112577346,
                5.902184656032267,
                6.2920749321389335
            ],
            "avg_collision": 1.7205882352941178,
            "avg_evasion": 0.8865546218487395,
            "avg_reward": -2.924278974533081
        },
        "180000_steps": {
            "SR": 0.9582463465553236,
            "avg_step": 27.97286012526096,
            "avg_time": 9.466787526403438,
            "avg_distance": [
                20.60966714833607,
                19.264376866179642,
                18.556734983236332
            ],
            "avg_gap": [
                5.636856533584541,
                6.169679264632947,
                6.515402056683352
            ],
            "avg_collision": 1.92901878914405,
            "avg_evasion": 0.7682672233820459,
            "avg_reward": -2.672051191329956
        },
        "200000_steps": {
            "SR": 0.9538784067085954,
            "avg_step": 28.51991614255765,
            "avg_time": 9.605959712834228,
            "avg_distance": [
                20.453248389376654,
                19.486543070024748,
                18.782923545798994
            ],
            "avg_gap": [
                5.625287144591096,
                5.9764739660588955,
                6.4017830300125
            ],
            "avg_collision": 2.0251572327044025,
            "avg_evasion": 0.9433962264150944,
            "avg_reward": -2.79811429977417
        }
    }
}