{
    "SAC": {
        "default": {
            "SR": 0.9629629629629629,
            "avg_step": 21.962962962962962,
            "avg_time": 7.55270170160637,
            "avg_distance": [
                14.377015848215395,
                14.234613692115232,
                14.26511635974835
            ],
            "avg_gap": [
                3.24312908189249,
                3.0529077661420483,
                2.9113897625638763
            ],
            "avg_collision": 0.8837803320561941,
            "avg_evasion": 1.3231162196679438,
            "avg_reward": 10.865962982177734
        },
        "speed0": {
            "SR": 0.979746835443038,
            "avg_step": 21.89746835443038,
            "avg_time": 6.295466680164578,
            "avg_distance": [
                14.571942240871198,
                14.517032256996183,
                14.511582168235039
            ],
            "avg_gap": [
                3.1779656889691714,
                3.0299939017898976,
                3.0529720245298937
            ],
            "avg_collision": 0.9050632911392406,
            "avg_evasion": 1.5759493670886076,
            "avg_reward": 10.160601615905762
        },
        "speed1": {
            "SR": 0.974937343358396,
            "avg_step": 21.855889724310778,
            "avg_time": 7.47870673870383,
            "avg_distance": [
                14.35629951420232,
                14.234570515104428,
                13.876958647562393
            ],
            "avg_gap": [
                3.2459176461974684,
                3.2116281169336123,
                3.0249071719287426
            ],
            "avg_collision": 0.8070175438596491,
            "avg_evasion": 1.037593984962406,
            "avg_reward": 10.838153839111328
        },
        "obstacle0": {
            "SR": 0.7916666666666666,
            "avg_step": 28.85648148148148,
            "avg_time": 10.461966504653295,
            "avg_distance": [
                13.495858282184782,
                13.931797749365828,
                13.870730410512161
            ],
            "avg_gap": [
                3.246993710235778,
                3.1299115726549576,
                3.23836985834597
            ],
            "avg_collision": 1.025462962962963,
            "avg_evasion": 2.0162037037037037,
            "avg_reward": 3.916110038757324
        },
        "obstacle1": {
            "SR": 0.9646393210749646,
            "avg_step": 22.091937765205092,
            "avg_time": 7.628943451391757,
            "avg_distance": [
                14.056060749568056,
                14.205179747349158,
                14.107686391281327
            ],
            "avg_gap": [
                3.1234493769487734,
                3.129736532319029,
                3.1564637257168395
            ],
            "avg_collision": 0.7567185289957568,
            "avg_evasion": 1.338048090523338,
            "avg_reward": 10.757210731506348
        },
        "poses0": {
            "SR": 0.9694092827004219,
            "avg_step": 27.819620253164558,
            "avg_time": 9.382265448821748,
            "avg_distance": [
                20.763120825659303,
                18.986522314414437,
                18.713084531647397
            ],
            "avg_gap": [
                5.609577513997117,
                6.104261745633261,
                6.3640402803910066
            ],
            "avg_collision": 1.9145569620253164,
            "avg_evasion": 0.5147679324894515,
            "avg_reward": -1.930460810661316
        },
        "poses1": {
            "SR": 0.9884453781512605,
            "avg_step": 11.735294117647058,
            "avg_time": 4.254637548653018,
            "avg_distance": [
                6.71914946407772,
                5.901328028482997,
                6.361842476695781
            ],
            "avg_gap": [
                1.2611488474581636,
                0.8405751596990508,
                1.0764984778754416
            ],
            "avg_collision": 0.6081932773109243,
            "avg_evasion": 0.4810924369747899,
            "avg_reward": 36.72850799560547
        },
        "friction0": {
            "SR": 0.9840255591054313,
            "avg_step": 19.95367412140575,
            "avg_time": 4.642514879330278,
            "avg_distance": [
                13.685486009199282,
                13.593374222520968,
                13.590097410479153
            ],
            "avg_gap": [
                3.1617805809869695,
                3.2143224434731215,
                3.169149163086379
            ],
            "avg_collision": 0.6980830670926518,
            "avg_evasion": 1.1964856230031948,
            "avg_reward": 11.906183242797852
        },
        "friction1": {
            "SR": 0.9634433962264151,
            "avg_step": 23.12735849056604,
            "avg_time": 5.414191499914763,
            "avg_distance": [
                14.517583522841136,
                14.479663965135112,
                14.387333607580995
            ],
            "avg_gap": [
                3.0869923942570088,
                3.1114895614453757,
                3.0241707029240805
            ],
            "avg_collision": 0.8290094339622641,
            "avg_evasion": 1.3691037735849056,
            "avg_reward": 9.883539199829102
        }
    }
}