{
    "PPO": {
        "default": {
            "SR": 0.7620967741935484,
            "avg_step": 32.37903225806452,
            "avg_time": 10.588082992902367,
            "avg_distance": [
                19.513720330816987,
                19.482026911709198,
                19.702752201801925
            ],
            "avg_gap": [
                2.934168806933469,
                2.9246329407602762,
                2.8385300016531447
            ],
            "avg_collision": 1.9865591397849462,
            "avg_evasion": 2.5161290322580645,
            "avg_reward": -0.6925750970840454
        },
        "speed0": {
            "SR": 0.7634961439588689,
            "avg_step": 31.430591259640103,
            "avg_time": 10.506867179833831,
            "avg_distance": [
                19.38328330593708,
                19.186301757499333,
                19.544914264619
            ],
            "avg_gap": [
                3.06262003282151,
                2.945482222110246,
                2.934687793153986
            ],
            "avg_collision": 1.7930591259640103,
            "avg_evasion": 2.8110539845758353,
            "avg_reward": -1.0725011825561523
        },
        "speed1": {
            "SR": 0.6544980443285529,
            "avg_step": 36.16818774445893,
            "avg_time": 12.023956370322614,
            "avg_distance": [
                21.68190988886892,
                21.333136635897663,
                21.849580725839793
            ],
            "avg_gap": [
                3.0001237932504634,
                2.957425661008509,
                2.9469308747665117
            ],
            "avg_collision": 2.2190352020860495,
            "avg_evasion": 2.3715775749674055,
            "avg_reward": -4.528116703033447
        },
        "obstacle0": {
            "SR": 0.43875278396436523,
            "avg_step": 40.70378619153675,
            "avg_time": 14.499115409723634,
            "avg_distance": [
                19.023629590576025,
                19.298472296690335,
                19.391076492751992
            ],
            "avg_gap": [
                3.47317171146001,
                3.234376772198662,
                3.238168773729109
            ],
            "avg_collision": 1.7260579064587973,
            "avg_evasion": 3.282850779510022,
            "avg_reward": -10.728381156921387
        },
        "obstacle1": {
            "SR": 0.7511520737327189,
            "avg_step": 32.293394777265746,
            "avg_time": 10.905524843848795,
            "avg_distance": [
                19.205527587327698,
                18.67899613580585,
                19.282139889407567
            ],
            "avg_gap": [
                3.0528376839442006,
                2.916857123675173,
                2.9453911565139816
            ],
            "avg_collision": 1.9631336405529953,
            "avg_evasion": 2.471582181259601,
            "avg_reward": -1.0621577501296997
        },
        "poses0": {
            "SR": 0.7271750805585392,
            "avg_step": 36.19978517722878,
            "avg_time": 12.058590377311829,
            "avg_distance": [
                24.5342986637964,
                23.191594348590332,
                22.702296483751375
            ],
            "avg_gap": [
                4.852377235363159,
                5.3573626262143375,
                5.658902564481519
            ],
            "avg_collision": 2.569280343716434,
            "avg_evasion": 1.988184747583244,
            "avg_reward": -7.911289215087891
        },
        "poses1": {
            "SR": 0.917558886509636,
            "avg_step": 17.4186295503212,
            "avg_time": 5.669888789954992,
            "avg_distance": [
                8.840635346348524,
                8.957837527173048,
                9.773936207836774
            ],
            "avg_gap": [
                1.1200519592791647,
                1.1387026983881152,
                1.365300651622172
            ],
            "avg_collision": 1.1220556745182013,
            "avg_evasion": 1.8319057815845825,
            "avg_reward": 26.738433837890625
        },
        "friction0": {
            "SR": 0.8424778761061947,
            "avg_step": 28.630088495575222,
            "avg_time": 6.489845906316707,
            "avg_distance": [
                18.28600193459207,
                18.172079229761355,
                18.500709229141734
            ],
            "avg_gap": [
                3.1912864839969064,
                3.0062682579489346,
                3.121877360471981
            ],
            "avg_collision": 1.7858407079646017,
            "avg_evasion": 2.161061946902655,
            "avg_reward": 1.6530355215072632
        },
        "friction1": {
            "SR": 0.6951934349355217,
            "avg_step": 34.87104337631887,
            "avg_time": 7.8393755934582225,
            "avg_distance": [
                19.819163767315285,
                19.71236987234649,
                20.053875448916845
            ],
            "avg_gap": [
                2.929320792315566,
                2.9207129279332293,
                2.8928992996783642
            ],
            "avg_collision": 1.678780773739742,
            "avg_evasion": 2.6811254396248536,
            "avg_reward": -3.0203731060028076
        }
    }
}