{
    "PPO": {
        "default": {
            "SR": 0.6246122026887281,
            "avg_step": 27.7311271975181,
            "avg_time": 6.841724652415594,
            "avg_distance": [
                15.576031460568347,
                15.56110180596579
            ],
            "avg_gap": [
                4.941504159631041,
                5.287178172789813
            ],
            "avg_collision": 0.06825232678386763,
            "avg_evasion": 0.0,
            "avg_reward": -2.535670280456543
        },
        "speed0": {
            "SR": 0.6246122026887281,
            "avg_step": 27.7311271975181,
            "avg_time": 6.930272650694033,
            "avg_distance": [
                15.576031460568347,
                15.56110180596579
            ],
            "avg_gap": [
                4.941504159631041,
                5.287178172789813
            ],
            "avg_collision": 0.06825232678386763,
            "avg_evasion": 0.0,
            "avg_reward": -2.535670280456543
        },
        "speed1": {
            "SR": 0.6246122026887281,
            "avg_step": 27.7311271975181,
            "avg_time": 6.9628367865344485,
            "avg_distance": [
                15.576031460568347,
                15.56110180596579
            ],
            "avg_gap": [
                4.941504159631041,
                5.287178172789813
            ],
            "avg_collision": 0.06825232678386763,
            "avg_evasion": 0.0,
            "avg_reward": -2.535670280456543
        },
        "obstacle0": {
            "SR": 0.586015538290788,
            "avg_step": 29.670366259711432,
            "avg_time": 7.574437763000302,
            "avg_distance": [
                15.211505468612252,
                16.072407859409687
            ],
            "avg_gap": [
                5.214289086138897,
                5.35696500439786
            ],
            "avg_collision": 0.09211986681465038,
            "avg_evasion": 0.0,
            "avg_reward": -4.590179920196533
        },
        "obstacle1": {
            "SR": 0.6272066458982347,
            "avg_step": 27.654205607476637,
            "avg_time": 7.005552825402867,
            "avg_distance": [
                16.07811546494696,
                15.674159765085447
            ],
            "avg_gap": [
                4.945824731798964,
                5.241798064097255
            ],
            "avg_collision": 0.102803738317757,
            "avg_evasion": 0.0,
            "avg_reward": -1.1099776029586792
        },
        "poses0": {
            "SR": 0.5,
            "avg_step": 39.0,
            "avg_time": 8.731029763221741,
            "avg_distance": [
                3.0093528804841263,
                28.533111889726612
            ],
            "avg_gap": [
                15.96917304756287,
                6.551615532893522
            ],
            "avg_collision": 0.0,
            "avg_evasion": 0.0,
            "avg_reward": -20.215444564819336
        },
        "poses1": {
            "SR": 1.0,
            "avg_step": 2.0,
            "avg_time": 0.952980322599411,
            "avg_distance": [
                0.9914855199770141,
                0.7015638508508066
            ],
            "avg_gap": [
                1.0018935767326147,
                1.7185668141383368
            ],
            "avg_collision": 0.0,
            "avg_evasion": 0.0,
            "avg_reward": 57.38301467895508
        },
        "friction0": {
            "SR": 0.6108048511576626,
            "avg_step": 28.081587651598678,
            "avg_time": 6.717192108076489,
            "avg_distance": [
                16.393607021949272,
                16.2753171811427
            ],
            "avg_gap": [
                4.934333851183468,
                5.299836985827415
            ],
            "avg_collision": 0.11245865490628446,
            "avg_evasion": 0.0,
            "avg_reward": -4.183420181274414
        },
        "friction1": {
            "SR": 0.6337741607324516,
            "avg_step": 28.585961342828078,
            "avg_time": 7.199030783751246,
            "avg_distance": [
                15.54618537513852,
                15.509036234209523
            ],
            "avg_gap": [
                5.1803548299593425,
                5.412459473787626
            ],
            "avg_collision": 0.054933875890132246,
            "avg_evasion": 0.0,
            "avg_reward": -4.749184608459473
        }
    }
}