{
    "DDPG": {
        "default": {
            "SR": 0.9695044472681067,
            "avg_step": 22.817026683608642,
            "avg_time": 6.7056137515750285,
            "avg_distance": [
                14.831786102767294,
                14.869262229104482,
                15.057339064856205
            ],
            "avg_gap": [
                3.081958399890602,
                3.237629547011964,
                3.3011697451178508
            ],
            "avg_collision": 0.9097839898348158,
            "avg_evasion": 1.4853875476493013,
            "avg_reward": 9.232921600341797
        },
        "speed0": {
            "SR": 0.9728395061728395,
            "avg_step": 23.087654320987653,
            "avg_time": 7.894825004353935,
            "avg_distance": [
                15.342850842295869,
                15.239933664292812,
                15.40520347907553
            ],
            "avg_gap": [
                3.089234896512659,
                3.2689734424381953,
                3.1769732319711803
            ],
            "avg_collision": 0.7790123456790123,
            "avg_evasion": 1.754320987654321,
            "avg_reward": 8.718682289123535
        },
        "speed1": {
            "SR": 0.9503916449086162,
            "avg_step": 24.513054830287206,
            "avg_time": 8.263504417073323,
            "avg_distance": [
                15.754992179797995,
                15.906868999020952,
                15.760115101670003
            ],
            "avg_gap": [
                3.1774461929190405,
                3.3276774056953635,
                3.245415461551253
            ],
            "avg_collision": 0.8994778067885117,
            "avg_evasion": 1.3759791122715406,
            "avg_reward": 7.761813163757324
        },
        "obstacle0": {
            "SR": 0.8085585585585585,
            "avg_step": 29.78153153153153,
            "avg_time": 10.813006565377519,
            "avg_distance": [
                14.343212434107103,
                15.29327954913756,
                14.681027494424326
            ],
            "avg_gap": [
                3.257700490255737,
                3.292290431591682,
                3.2582900825613015
            ],
            "avg_collision": 0.9572072072072072,
            "avg_evasion": 2.2612612612612613,
            "avg_reward": 2.991328716278076
        },
        "obstacle1": {
            "SR": 0.9631811487481591,
            "avg_step": 22.839469808541974,
            "avg_time": 7.8614740111866475,
            "avg_distance": [
                14.58482554395591,
                14.825888610380002,
                14.71614373348072
            ],
            "avg_gap": [
                3.147133830435075,
                3.4290456598731858,
                3.1148508060793847
            ],
            "avg_collision": 1.1605301914580266,
            "avg_evasion": 1.4565537555228276,
            "avg_reward": 9.097404479980469
        },
        "poses0": {
            "SR": 0.9483870967741935,
            "avg_step": 31.429032258064517,
            "avg_time": 10.57647574793908,
            "avg_distance": [
                21.925991019219794,
                22.10913412613322,
                21.562578693180157
            ],
            "avg_gap": [
                5.35323666749873,
                6.89933325445717,
                5.554633768842303
            ],
            "avg_collision": 1.281720430107527,
            "avg_evasion": 1.0182795698924731,
            "avg_reward": -2.7764713764190674
        },
        "poses1": {
            "SR": 0.993717277486911,
            "avg_step": 13.095287958115183,
            "avg_time": 3.9111462565616786,
            "avg_distance": [
                7.4850845157309465,
                7.19248853208156,
                7.458584095495879
            ],
            "avg_gap": [
                1.181903193342318,
                1.1032360034844642,
                1.1594118148303487
            ],
            "avg_collision": 0.6167539267015707,
            "avg_evasion": 0.9853403141361257,
            "avg_reward": 30.362442016601562
        },
        "friction0": {
            "SR": 0.9758454106280193,
            "avg_step": 20.85829307568438,
            "avg_time": 4.894186453350884,
            "avg_distance": [
                14.079050406525692,
                14.066426723414127,
                14.154625921332391
            ],
            "avg_gap": [
                3.0397811732747155,
                3.1884935982158393,
                3.2338923690055945
            ],
            "avg_collision": 0.9210950080515298,
            "avg_evasion": 1.3623188405797102,
            "avg_reward": 10.63079833984375
        },
        "friction1": {
            "SR": 0.9393939393939394,
            "avg_step": 24.65939393939394,
            "avg_time": 5.7156835197679925,
            "avg_distance": [
                15.45607115585018,
                15.262202385451543,
                15.316896238607557
            ],
            "avg_gap": [
                3.106221708463719,
                3.1986789879983344,
                3.116241958184034
            ],
            "avg_collision": 0.696969696969697,
            "avg_evasion": 1.5842424242424242,
            "avg_reward": 8.157361030578613
        }
    }
}