{
    "TD3_poses1": {
        "20000_steps": {
            "SR": 0.6778947368421052,
            "avg_step": 25.837894736842106,
            "avg_time": 8.738479133405184,
            "avg_distance": [
                15.411433035385256,
                15.363194564064148,
                15.389301301635747
            ],
            "avg_gap": [
                1.571354717408649,
                1.8493655000617095,
                1.5757219132119418
            ],
            "avg_collision": 0.9873684210526316,
            "avg_evasion": 3.130526315789474,
            "avg_reward": 16.162004470825195
        },
        "40000_steps": {
            "SR": 0.7751605995717344,
            "avg_step": 22.265524625267666,
            "avg_time": 7.592009234989991,
            "avg_distance": [
                12.546539352025988,
                12.8963395893407,
                12.926028455325408
            ],
            "avg_gap": [
                1.3475854669226033,
                1.5753384674014566,
                1.436644834747426
            ],
            "avg_collision": 0.9957173447537473,
            "avg_evasion": 2.507494646680942,
            "avg_reward": 21.036357879638672
        },
        "60000_steps": {
            "SR": 0.8852813852813853,
            "avg_step": 18.006493506493506,
            "avg_time": 6.295257566295144,
            "avg_distance": [
                9.575034276797055,
                9.434120930865717,
                9.9706863562813
            ],
            "avg_gap": [
                1.208770575493984,
                1.2101004013084316,
                1.3741232925044822
            ],
            "avg_collision": 1.0627705627705628,
            "avg_evasion": 1.9783549783549783,
            "avg_reward": 28.712093353271484
        },
        "80000_steps": {
            "SR": 0.9395248380129589,
            "avg_step": 15.159827213822894,
            "avg_time": 5.349662439354552,
            "avg_distance": [
                7.856962017194988,
                7.852519389840427,
                8.140161672995042
            ],
            "avg_gap": [
                1.136399217259732,
                1.118457785452173,
                1.2753112690057462
            ],
            "avg_collision": 0.980561555075594,
            "avg_evasion": 1.5637149028077755,
            "avg_reward": 31.4242000579834
        },
        "100000_steps": {
            "SR": 0.9810526315789474,
            "avg_step": 13.0,
            "avg_time": 4.646894461983129,
            "avg_distance": [
                6.50809659527129,
                6.374456589178051,
                6.824170496522849
            ],
            "avg_gap": [
                1.0753824320231418,
                1.0512331235673051,
                1.3036647815503446
            ],
            "avg_collision": 0.9936842105263158,
            "avg_evasion": 1.1578947368421053,
            "avg_reward": 34.294700622558594
        },
        "120000_steps": {
            "SR": 0.9747899159663865,
            "avg_step": 13.245798319327731,
            "avg_time": 4.7293389830268735,
            "avg_distance": [
                6.796894723733662,
                6.899169346203549,
                7.31336334584265
            ],
            "avg_gap": [
                1.0936692817916562,
                1.0590659083308582,
                1.2703396781397924
            ],
            "avg_collision": 0.9054621848739496,
            "avg_evasion": 0.9936974789915967,
            "avg_reward": 33.78408432006836
        },
        "140000_steps": {
            "SR": 0.9808917197452229,
            "avg_step": 12.27176220806794,
            "avg_time": 4.4193465729934145,
            "avg_distance": [
                6.279085484443818,
                6.126297270941686,
                6.59134461536939
            ],
            "avg_gap": [
                1.125486111879686,
                0.9761822393986844,
                1.2214954146838763
            ],
            "avg_collision": 0.8577494692144374,
            "avg_evasion": 0.9023354564755839,
            "avg_reward": 34.14695739746094
        },
        "160000_steps": {
            "SR": 0.9936305732484076,
            "avg_step": 10.626326963906582,
            "avg_time": 3.9050928118881907,
            "avg_distance": [
                5.267321840303684,
                5.256274483420468,
                5.758138678930516
            ],
            "avg_gap": [
                1.0121679956270773,
                0.9748760421656721,
                1.301885543407848
            ],
            "avg_collision": 0.6178343949044586,
            "avg_evasion": 0.6794055201698513,
            "avg_reward": 38.95481872558594
        },
        "180000_steps": {
            "SR": 0.9937238493723849,
            "avg_step": 8.600418410041842,
            "avg_time": 3.2552787469520728,
            "avg_distance": [
                4.19449257105308,
                4.0079819779259545,
                4.585420782795359
            ],
            "avg_gap": [
                0.9981554151783112,
                0.934979046330591,
                1.1868194326636605
            ],
            "avg_collision": 0.6506276150627615,
            "avg_evasion": 0.5690376569037657,
            "avg_reward": 50.49934768676758
        },
        "200000_steps": {
            "SR": 0.991701244813278,
            "avg_step": 12.232365145228215,
            "avg_time": 4.41145247789834,
            "avg_distance": [
                6.159597023560897,
                6.019640041763187,
                6.568749036559828
            ],
            "avg_gap": [
                1.0349040693488059,
                1.0311582926282246,
                1.326116579802549
            ],
            "avg_collision": 0.8796680497925311,
            "avg_evasion": 1.045643153526971,
            "avg_reward": 36.76179885864258
        }
    }
}