{
    "TD3_obstacle0": {
        "20000_steps": {
            "SR": 0.1693121693121693,
            "avg_step": 46.68783068783069,
            "avg_time": 16.685395114636297,
            "avg_distance": [
                25.430616104934604,
                25.490791627604576,
                26.561434849367718
            ],
            "avg_gap": [
                3.9846935218544193,
                4.4810700063954085,
                3.9255016736498813
            ],
            "avg_collision": 0.8994708994708994,
            "avg_evasion": 3.64021164021164,
            "avg_reward": -17.83125877380371
        },
        "40000_steps": {
            "SR": 0.30927835051546393,
            "avg_step": 44.22680412371134,
            "avg_time": 15.740246525744801,
            "avg_distance": [
                23.258565410911398,
                24.47010569959998,
                23.77706181251533
            ],
            "avg_gap": [
                3.823842758137038,
                4.484910648059432,
                3.4085669266631915
            ],
            "avg_collision": 1.190721649484536,
            "avg_evasion": 3.402061855670103,
            "avg_reward": -13.312593460083008
        },
        "60000_steps": {
            "SR": 0.465,
            "avg_step": 40.93,
            "avg_time": 14.71538064956665,
            "avg_distance": [
                20.26208486034859,
                21.402375363470643,
                21.686981963463285
            ],
            "avg_gap": [
                3.6147890475932796,
                3.6456501169294704,
                3.0560561010918095
            ],
            "avg_collision": 1.235,
            "avg_evasion": 3.455,
            "avg_reward": -9.442248344421387
        },
        "80000_steps": {
            "SR": 0.4385026737967914,
            "avg_step": 39.88770053475936,
            "avg_time": 14.37048870866949,
            "avg_distance": [
                19.991797753828198,
                20.62658039901889,
                20.242145650893924
            ],
            "avg_gap": [
                3.634566743642778,
                3.5604699841270544,
                3.1929682981661713
            ],
            "avg_collision": 1.2513368983957218,
            "avg_evasion": 3.320855614973262,
            "avg_reward": -8.809103965759277
        },
        "100000_steps": {
            "SR": 0.6711711711711712,
            "avg_step": 34.85585585585586,
            "avg_time": 12.702013530172744,
            "avg_distance": [
                16.98988667829134,
                17.624174692200903,
                17.319186098090224
            ],
            "avg_gap": [
                3.4058964800318026,
                3.348819317927237,
                3.0123168069056105
            ],
            "avg_collision": 1.5045045045045045,
            "avg_evasion": 2.824324324324324,
            "avg_reward": -2.71067476272583
        },
        "120000_steps": {
            "SR": 0.7272727272727273,
            "avg_step": 31.64069264069264,
            "avg_time": 11.575681148669421,
            "avg_distance": [
                15.120602757319126,
                16.4972458933171,
                15.948954998300666
            ],
            "avg_gap": [
                3.1140419320517645,
                3.320187109894318,
                3.241532603956768
            ],
            "avg_collision": 1.0649350649350648,
            "avg_evasion": 2.4675324675324677,
            "avg_reward": -0.31396234035491943
        },
        "140000_steps": {
            "SR": 0.7811158798283262,
            "avg_step": 30.3519313304721,
            "avg_time": 11.093120903416253,
            "avg_distance": [
                14.568018954662922,
                15.93226371937675,
                15.029674129740961
            ],
            "avg_gap": [
                3.217462800182004,
                3.246884243120383,
                3.152468371972128
            ],
            "avg_collision": 0.8240343347639485,
            "avg_evasion": 2.742489270386266,
            "avg_reward": 1.5646477937698364
        },
        "160000_steps": {
            "SR": 0.7877551020408163,
            "avg_step": 30.289795918367346,
            "avg_time": 11.01627804503149,
            "avg_distance": [
                15.040108873107297,
                15.105371025089093,
                15.193810042249856
            ],
            "avg_gap": [
                3.192613961864618,
                3.2796511057049207,
                3.159955945435905
            ],
            "avg_collision": 1.0081632653061225,
            "avg_evasion": 2.3469387755102042,
            "avg_reward": 2.701890707015991
        },
        "180000_steps": {
            "SR": 0.7477876106194691,
            "avg_step": 31.56637168141593,
            "avg_time": 11.530410901635094,
            "avg_distance": [
                15.567417581899356,
                15.714698127467441,
                15.275227576352881
            ],
            "avg_gap": [
                3.3225600902051973,
                3.196115805997714,
                3.1225306073097845
            ],
            "avg_collision": 0.9380530973451328,
            "avg_evasion": 2.575221238938053,
            "avg_reward": 0.8875178694725037
        },
        "200000_steps": {
            "SR": 0.7918552036199095,
            "avg_step": 30.67873303167421,
            "avg_time": 11.211650162260996,
            "avg_distance": [
                15.120964161861137,
                16.204787780953083,
                15.239564293727232
            ],
            "avg_gap": [
                3.3105604903553503,
                3.2211713271162967,
                2.9724782971533004
            ],
            "avg_collision": 1.502262443438914,
            "avg_evasion": 2.4705882352941178,
            "avg_reward": 1.7343567609786987
        }
    }
}