{
    "DDPG": {
        "default": {
            "SR": 0.8884615384615384,
            "avg_step": 16.28974358974359,
            "avg_time": 4.220243618121514,
            "avg_distance": [
                10.141884291928074,
                9.371140541591414
            ],
            "avg_gap": [
                5.010458758381427,
                6.314784565800246
            ],
            "avg_collision": 0.046153846153846156,
            "avg_evasion": 0.0,
            "avg_reward": 9.262811660766602
        },
        "speed0": {
            "SR": 0.8884615384615384,
            "avg_step": 16.28974358974359,
            "avg_time": 4.270660386330042,
            "avg_distance": [
                10.141884291928074,
                9.371140541591414
            ],
            "avg_gap": [
                5.010458758381427,
                6.314784565800246
            ],
            "avg_collision": 0.046153846153846156,
            "avg_evasion": 0.0,
            "avg_reward": 9.262811660766602
        },
        "speed1": {
            "SR": 0.8884615384615384,
            "avg_step": 16.28974358974359,
            "avg_time": 4.284283078328157,
            "avg_distance": [
                10.141884291928074,
                9.371140541591414
            ],
            "avg_gap": [
                5.010458758381427,
                6.314784565800246
            ],
            "avg_collision": 0.046153846153846156,
            "avg_evasion": 0.0,
            "avg_reward": 9.262811660766602
        },
        "obstacle0": {
            "SR": 0.8661202185792349,
            "avg_step": 18.40573770491803,
            "avg_time": 4.895703368825339,
            "avg_distance": [
                9.901012413867738,
                10.047816771628648
            ],
            "avg_gap": [
                5.247144686369708,
                6.227291315159979
            ],
            "avg_collision": 0.11612021857923498,
            "avg_evasion": 0.0,
            "avg_reward": 5.594555377960205
        },
        "obstacle1": {
            "SR": 0.9225721784776902,
            "avg_step": 14.88713910761155,
            "avg_time": 3.9762564831831324,
            "avg_distance": [
                9.387620777852923,
                8.51315709948345
            ],
            "avg_gap": [
                5.113088486779206,
                6.141061209019609
            ],
            "avg_collision": 0.027559055118110236,
            "avg_evasion": 0.0,
            "avg_reward": 10.614482879638672
        },
        "poses0": {
            "SR": 0.047619047619047616,
            "avg_step": 49.523809523809526,
            "avg_time": 12.14808886391776,
            "avg_distance": [
                11.987461476154081,
                21.68748890372646
            ],
            "avg_gap": [
                15.664324924938187,
                15.938986745749725
            ],
            "avg_collision": 2.2857142857142856,
            "avg_evasion": 0.0,
            "avg_reward": -28.166919708251953
        },
        "poses1": {
            "SR": 1.0,
            "avg_step": 2.0,
            "avg_time": 0.9480374882221222,
            "avg_distance": [
                0.663959017414669,
                0.736191510927425
            ],
            "avg_gap": [
                1.0718563072666611,
                0.9913118234983676
            ],
            "avg_collision": 0.0,
            "avg_evasion": 0.0,
            "avg_reward": 67.2925033569336
        },
        "friction0": {
            "SR": 0.9013157894736842,
            "avg_step": 16.23421052631579,
            "avg_time": 4.2400410714902375,
            "avg_distance": [
                10.304130345181607,
                9.638933951757462
            ],
            "avg_gap": [
                5.147177707670769,
                6.285026047452289
            ],
            "avg_collision": 0.031578947368421054,
            "avg_evasion": 0.0,
            "avg_reward": 8.895846366882324
        },
        "friction1": {
            "SR": 0.7540650406504065,
            "avg_step": 22.679878048780488,
            "avg_time": 5.915196947692856,
            "avg_distance": [
                11.909976261506163,
                10.780308954157935
            ],
            "avg_gap": [
                5.692844003574936,
                6.7728862179488765
            ],
            "avg_collision": 0.1524390243902439,
            "avg_evasion": 0.0,
            "avg_reward": 0.18364618718624115
        }
    }
}