{
    "TD3": 0.7307581763037465,
    "SAC": 0.8308919058829503,
    "PPO": 0.5992904058742348,
    "DDPG": 0.6787736194077204
}