{
    "TD3": 1.6273464338919217,
    "SAC": 2.2700319659374277,
    "PPO": 2.1409646280412233,
    "DDPG": 1.390332338895476
}