{
    "TD3": 0.8362973900746539,
    "SAC": 1.7090521827661038,
    "PPO": 1.7928364957005807,
    "DDPG": 0.6715897747252088
}