{
    "TD3": 2.6810526699879254,
    "SAC": 4.138125167298547,
    "PPO": 3.592351293138328,
    "DDPG": 2.684774136943086
}