{
    "TD3": {
        "SR": 0.06849101775419521,
        "avg_step": 0.1277167456704094,
        "avg_collision": 0.31508916418622407,
        "avg_reward": 0.5403743955177527
    },
    "SAC": {
        "SR": 0.015952732189102484,
        "avg_step": 0.05233176088377539,
        "avg_collision": 0.5537604350124029,
        "avg_reward": 0.2463929220068729
    },
    "PPO": {
        "SR": 0.027533514888318542,
        "avg_step": 0.026107602494432395,
        "avg_collision": 0.2490560453846334,
        "avg_reward": 1.0661977666354554
    },
    "DDPG": {
        "SR": 0.06823660438399358,
        "avg_step": 0.1544132499495566,
        "avg_collision": 0.6728631322282967,
        "avg_reward": 0.5421464833168393
    }
}