{
    "SR": 0.3310475767392457,
    "avg_step": 0.2084148254229088,
    "avg_collision": 0.12833842185790537,
    "avg_reward": 0.3321991759799402
}