{
    "SR": 0.2620951534784913,
    "avg_step": 0.3168296508458176,
    "avg_collision": 0.10667684371581075,
    "avg_reward": 0.3143983519598804
}