{
    "TD3": 1.6691455570807454,
    "SAC": 2.5259764889099037,
    "PPO": 2.1061281744593376,
    "DDPG": 1.5323605240119906
}