{
    "TD3": {
        "SR": 0.05792075178414035,
        "avg_step": 2.433529555383368,
        "avg_collision": 0.0360295584965517,
        "avg_reward": 2.850019535795157
    },
    "SAC": {
        "SR": 0.013547982172834351,
        "avg_step": 0.9952569680411099,
        "avg_collision": 0.0571290935254292,
        "avg_reward": 1.28501974702058
    },
    "PPO": {
        "SR": 0.016973935041385512,
        "avg_step": 0.7400108449095361,
        "avg_collision": 0.021447135718112798,
        "avg_reward": 1.4025811253476728
    },
    "DDPG": {
        "SR": 0.05912749215660986,
        "avg_step": 2.733012888607144,
        "avg_collision": 0.050310123297515164,
        "avg_reward": 3.746377763061173
    }
}