{
    "SAC_obstacle0": {
        "20000_steps": {
            "SR": 0.23039215686274508,
            "avg_step": 44.970588235294116,
            "avg_time": 13.771856970646802,
            "avg_distance": [
                23.525418540392266,
                24.289638841750538,
                23.382214854033204
            ],
            "avg_gap": [
                3.802284371037274,
                3.510395039049594,
                3.3751602607791122
            ],
            "avg_collision": 1.3529411764705883,
            "avg_evasion": 3.8333333333333335,
            "avg_reward": -14.459656715393066
        },
        "40000_steps": {
            "SR": 0.33004926108374383,
            "avg_step": 44.24630541871921,
            "avg_time": 13.506046919987119,
            "avg_distance": [
                23.586393053546644,
                23.40548001390486,
                22.76572740820316
            ],
            "avg_gap": [
                3.9403959396094472,
                3.9080368447013623,
                3.4908549244480365
            ],
            "avg_collision": 2.0098522167487687,
            "avg_evasion": 3.600985221674877,
            "avg_reward": -14.753937721252441
        }
    }
}