{
    "PPO_speed0": {
        "20000_steps": {
            "SR": 0.5777126099706745,
            "avg_step": 37.59530791788856,
            "avg_time": 11.420128267181934,
            "avg_distance": [
                17.125362092103778,
                18.011652797944123,
                16.446301829134637
            ],
            "avg_gap": [
                3.3499036322419093,
                3.227603874707542,
                3.3144206149679603
            ],
            "avg_collision": 2.774193548387097,
            "avg_evasion": 2.1847507331378297,
            "avg_reward": -11.71442699432373
        },
        "40000_steps": {
            "SR": 0.39466666666666667,
            "avg_step": 42.648,
            "avg_time": 12.992248875935873,
            "avg_distance": [
                24.326915309739555,
                23.698418347892016,
                23.499056461969687
            ],
            "avg_gap": [
                3.241753619054749,
                3.1662421294810272,
                3.137432076119155
            ],
            "avg_collision": 2.584,
            "avg_evasion": 2.7573333333333334,
            "avg_reward": -16.070322036743164
        },
        "60000_steps": {
            "SR": 0.3403693931398417,
            "avg_step": 43.485488126649074,
            "avg_time": 13.313575468465961,
            "avg_distance": [
                26.306285264725908,
                25.54116421669514,
                25.749078755155388
            ],
            "avg_gap": [
                3.035703728079641,
                2.92915447190886,
                3.035780686923064
            ],
            "avg_collision": 2.9920844327176783,
            "avg_evasion": 3.741424802110818,
            "avg_reward": -15.586341857910156
        },
        "80000_steps": {
            "SR": 0.5398936170212766,
            "avg_step": 39.59574468085106,
            "avg_time": 12.195497465260486,
            "avg_distance": [
                24.077375263060652,
                23.839610737317233,
                24.325817684592337
            ],
            "avg_gap": [
                2.911531738599206,
                2.770090666106712,
                2.7937058596268938
            ],
            "avg_collision": 2.449468085106383,
            "avg_evasion": 4.069148936170213,
            "avg_reward": -9.234286308288574
        },
        "100000_steps": {
            "SR": 0.4263157894736842,
            "avg_step": 41.23421052631579,
            "avg_time": 12.69202192645324,
            "avg_distance": [
                26.785062315274626,
                26.76627739046281,
                26.406855960422753
            ],
            "avg_gap": [
                3.009654585245836,
                3.2554636758362725,
                2.906335931931787
            ],
            "avg_collision": 1.318421052631579,
            "avg_evasion": 4.181578947368421,
            "avg_reward": -9.680733680725098
        },
        "120000_steps": {
            "SR": 0.5091863517060368,
            "avg_step": 39.333333333333336,
            "avg_time": 12.124493864890471,
            "avg_distance": [
                25.159022848305348,
                25.722660904836292,
                24.67362049606353
            ],
            "avg_gap": [
                2.930125438659609,
                3.2318150708293527,
                2.9559460427314828
            ],
            "avg_collision": 1.3464566929133859,
            "avg_evasion": 4.013123359580052,
            "avg_reward": -7.8030195236206055
        },
        "140000_steps": {
            "SR": 0.6597402597402597,
            "avg_step": 35.116883116883116,
            "avg_time": 10.906942157002238,
            "avg_distance": [
                21.84661012620223,
                21.69049565873506,
                21.332394505977838
            ],
            "avg_gap": [
                2.9309776097608937,
                3.0056615284753727,
                2.90985990847531
            ],
            "avg_collision": 1.9324675324675324,
            "avg_evasion": 3.2233766233766232,
            "avg_reward": -4.707442760467529
        },
        "160000_steps": {
            "SR": 0.6649746192893401,
            "avg_step": 35.598984771573605,
            "avg_time": 10.992813566009405,
            "avg_distance": [
                22.181785927830315,
                21.715478049471187,
                21.75223986379116
            ],
            "avg_gap": [
                2.954214910667727,
                3.0120836009632224,
                2.83958867396658
            ],
            "avg_collision": 2.1015228426395938,
            "avg_evasion": 3.286802030456853,
            "avg_reward": -5.082522869110107
        },
        "180000_steps": {
            "SR": 0.6053333333333333,
            "avg_step": 37.256,
            "avg_time": 11.532097550710043,
            "avg_distance": [
                24.010362325133638,
                23.934276512785306,
                22.89283961223694
            ],
            "avg_gap": [
                3.1182499240136816,
                2.9618735258350815,
                2.7075276066146494
            ],
            "avg_collision": 1.7493333333333334,
            "avg_evasion": 3.7626666666666666,
            "avg_reward": -5.400912761688232
        },
        "200000_steps": {
            "SR": 0.6587301587301587,
            "avg_step": 35.53703703703704,
            "avg_time": 10.9846127960417,
            "avg_distance": [
                22.41376831872101,
                22.178621839059435,
                21.720704499940247
            ],
            "avg_gap": [
                2.8732180813082024,
                3.0195024622906135,
                2.749829730128859
            ],
            "avg_collision": 1.806878306878307,
            "avg_evasion": 3.4656084656084656,
            "avg_reward": -4.065125942230225
        }
    }
}