{
    "PPO_obstacle1": {
        "20000_steps": {
            "SR": 0.2629757785467128,
            "avg_step": 38.449826989619375,
            "avg_time": 7.705807704001562,
            "avg_distance": [
                10.382201257408482,
                9.548548767089757
            ],
            "avg_gap": [
                5.7131861838822875,
                5.959931150975339
            ],
            "avg_collision": 0.17301038062283736,
            "avg_evasion": 0.0,
            "avg_reward": -10.033084869384766
        },
        "40000_steps": {
            "SR": 0.26525198938992045,
            "avg_step": 38.771883289124666,
            "avg_time": 7.66439857470262,
            "avg_distance": [
                14.822774737202472,
                14.273665426492855
            ],
            "avg_gap": [
                5.649542772991189,
                5.723253614021996
            ],
            "avg_collision": 0.27055702917771884,
            "avg_evasion": 0.0,
            "avg_reward": -11.402897834777832
        },
        "60000_steps": {
            "SR": 0.3096446700507614,
            "avg_step": 38.388324873096444,
            "avg_time": 7.477876585752226,
            "avg_distance": [
                18.52931164796251,
                17.654232428961233
            ],
            "avg_gap": [
                5.042575989634329,
                5.51445202483613
            ],
            "avg_collision": 0.2715736040609137,
            "avg_evasion": 0.0,
            "avg_reward": -12.699629783630371
        },
        "80000_steps": {
            "SR": 0.3764705882352941,
            "avg_step": 35.607058823529414,
            "avg_time": 6.960263266843908,
            "avg_distance": [
                17.87240915599893,
                17.96933412631032
            ],
            "avg_gap": [
                4.883979585854064,
                5.402177752854431
            ],
            "avg_collision": 0.22588235294117648,
            "avg_evasion": 0.0,
            "avg_reward": -10.28782844543457
        },
        "100000_steps": {
            "SR": 0.45977011494252873,
            "avg_step": 34.351724137931036,
            "avg_time": 6.731734995458318,
            "avg_distance": [
                18.256069574951095,
                18.193776765311288
            ],
            "avg_gap": [
                4.945886399050164,
                5.543043771587568
            ],
            "avg_collision": 0.2850574712643678,
            "avg_evasion": 0.0,
            "avg_reward": -10.779541969299316
        },
        "120000_steps": {
            "SR": 0.5869565217391305,
            "avg_step": 28.880434782608695,
            "avg_time": 5.765265882533529,
            "avg_distance": [
                16.02126816912299,
                16.294748103504382
            ],
            "avg_gap": [
                4.334269370253811,
                5.279727670126622
            ],
            "avg_collision": 0.14130434782608695,
            "avg_evasion": 0.0,
            "avg_reward": -3.49761962890625
        },
        "140000_steps": {
            "SR": 0.6417582417582418,
            "avg_step": 27.303296703296702,
            "avg_time": 5.487414126867776,
            "avg_distance": [
                16.31481305840862,
                15.505283624283084
            ],
            "avg_gap": [
                4.680268348485832,
                4.879028506730067
            ],
            "avg_collision": 0.24395604395604395,
            "avg_evasion": 0.0,
            "avg_reward": -1.8951362371444702
        },
        "160000_steps": {
            "SR": 0.6516129032258065,
            "avg_step": 26.931182795698923,
            "avg_time": 5.424896486856604,
            "avg_distance": [
                16.230424490729387,
                16.19819153872577
            ],
            "avg_gap": [
                5.0587275765155235,
                4.809480694230864
            ],
            "avg_collision": 0.04946236559139785,
            "avg_evasion": 0.0,
            "avg_reward": -1.3572272062301636
        },
        "180000_steps": {
            "SR": 0.6170212765957447,
            "avg_step": 28.185106382978724,
            "avg_time": 5.640033838089476,
            "avg_distance": [
                16.092636616854428,
                15.757369660623414
            ],
            "avg_gap": [
                5.1316766259004405,
                5.470420960097832
            ],
            "avg_collision": 0.029787234042553193,
            "avg_evasion": 0.0,
            "avg_reward": -6.021873950958252
        },
        "200000_steps": {
            "SR": 0.6404255319148936,
            "avg_step": 27.527659574468085,
            "avg_time": 5.51567287394341,
            "avg_distance": [
                15.937031593148786,
                15.548530987318392
            ],
            "avg_gap": [
                5.2053237382982696,
                5.537369080893186
            ],
            "avg_collision": 0.03829787234042553,
            "avg_evasion": 0.0,
            "avg_reward": -3.725240468978882
        }
    }
}