{
    "PPO_default": {
        "20000_steps": {
            "SR": 0.5336927223719676,
            "avg_step": 39.43935309973046,
            "avg_time": 11.966726507459368,
            "avg_distance": [
                17.443025833062723,
                18.010413379600358,
                17.17934349031789
            ],
            "avg_gap": [
                3.3760345418385564,
                3.1816121068319654,
                3.342366209074176
            ],
            "avg_collision": 2.940700808625337,
            "avg_evasion": 1.9056603773584906,
            "avg_reward": -13.01237964630127
        },
        "40000_steps": {
            "SR": 0.3787465940054496,
            "avg_step": 43.049046321525886,
            "avg_time": 13.113160078791896,
            "avg_distance": [
                24.142370337418594,
                23.405072523855242,
                23.584695465152095
            ],
            "avg_gap": [
                3.1467540627681534,
                3.099429746390173,
                3.1072206506041717
            ],
            "avg_collision": 2.667574931880109,
            "avg_evasion": 2.4877384196185286,
            "avg_reward": -15.675599098205566
        },
        "60000_steps": {
            "SR": 0.30809399477806787,
            "avg_step": 44.762402088772845,
            "avg_time": 13.665226778224616,
            "avg_distance": [
                27.176134646167938,
                26.21789612515896,
                26.370112739208697
            ],
            "avg_gap": [
                3.0903742630096724,
                2.905475838078167,
                3.017760448097937
            ],
            "avg_collision": 2.5091383812010446,
            "avg_evasion": 3.519582245430809,
            "avg_reward": -15.928792953491211
        },
        "80000_steps": {
            "SR": 0.4763231197771588,
            "avg_step": 39.66016713091922,
            "avg_time": 12.19581746855818,
            "avg_distance": [
                23.767951824592792,
                23.72296050400674,
                24.12493622109295
            ],
            "avg_gap": [
                2.8444330806888285,
                2.8926702830942643,
                2.951805431932111
            ],
            "avg_collision": 2.2618384401114207,
            "avg_evasion": 3.6573816155988856,
            "avg_reward": -9.336851119995117
        },
        "100000_steps": {
            "SR": 0.376657824933687,
            "avg_step": 42.56233421750663,
            "avg_time": 13.038834982272485,
            "avg_distance": [
                27.432776532072737,
                27.753387957963486,
                26.970887266981336
            ],
            "avg_gap": [
                2.970645689473262,
                3.2597871360274637,
                3.0000859424555224
            ],
            "avg_collision": 1.3023872679045092,
            "avg_evasion": 3.848806366047745,
            "avg_reward": -10.527997970581055
        },
        "120000_steps": {
            "SR": 0.44881889763779526,
            "avg_step": 40.27821522309711,
            "avg_time": 12.390321324190756,
            "avg_distance": [
                25.343740658107553,
                26.138884739548022,
                24.727033379034225
            ],
            "avg_gap": [
                2.9305703844014115,
                3.264092392368474,
                2.8894093328046795
            ],
            "avg_collision": 1.5958005249343832,
            "avg_evasion": 3.7034120734908136,
            "avg_reward": -8.206280708312988
        },
        "140000_steps": {
            "SR": 0.6058981233243967,
            "avg_step": 37.23056300268097,
            "avg_time": 11.515514322004753,
            "avg_distance": [
                22.641516346604803,
                22.70526435651732,
                22.42260569561833
            ],
            "avg_gap": [
                2.7815772157300476,
                2.8659622097768724,
                2.8085236811002265
            ],
            "avg_collision": 2.045576407506702,
            "avg_evasion": 3.324396782841823,
            "avg_reward": -5.569077491760254
        },
        "160000_steps": {
            "SR": 0.6639784946236559,
            "avg_step": 35.16129032258065,
            "avg_time": 10.897470087133428,
            "avg_distance": [
                21.69179122395581,
                21.69484462973939,
                21.273299099503728
            ],
            "avg_gap": [
                2.947573966687664,
                3.0231592045388203,
                2.7840796054684
            ],
            "avg_collision": 1.8897849462365592,
            "avg_evasion": 2.989247311827957,
            "avg_reward": -4.5985188484191895
        },
        "180000_steps": {
            "SR": 0.5636363636363636,
            "avg_step": 37.625974025974024,
            "avg_time": 11.61572685365553,
            "avg_distance": [
                23.809326063300553,
                23.804446158625044,
                23.174491868227808
            ],
            "avg_gap": [
                3.005004692134721,
                2.9888556322881614,
                2.761812223481947
            ],
            "avg_collision": 1.7922077922077921,
            "avg_evasion": 3.2285714285714286,
            "avg_reward": -5.385605335235596
        },
        "200000_steps": {
            "SR": 0.6436170212765957,
            "avg_step": 36.59574468085106,
            "avg_time": 11.339945963088502,
            "avg_distance": [
                22.705703234948853,
                22.873480447826186,
                21.91367359960787
            ],
            "avg_gap": [
                2.98622144874958,
                3.001562048068791,
                2.757644105039894
            ],
            "avg_collision": 2.1117021276595747,
            "avg_evasion": 2.88031914893617,
            "avg_reward": -4.3858723640441895
        }
    }
}