{
    "TD3": {
        "default": {"SR": 0.8905109489051095, "avg_step": 16.849148418491485, "avg_time": 4.35032452429008, "avg_distance": [10.246775272200392, 10.393406482227954], "avg_gap": [6.414758793104404, 5.742338914284106], "avg_collision": 0.16666666666666666, "avg_evasion": 0.0, "avg_reward": 7.814445495605469},
        "obstacle0": {"SR": 0.8272251308900523, "avg_step": 20.090314136125656, "avg_time": 5.336071671303654, "avg_distance": [10.186211060502345, 11.114432096408184], "avg_gap": [6.687028399938309, 5.586331129128985], "avg_collision": 0.14136125654450263, "avg_evasion": 0.0, "avg_reward": 4.701534271240234},
        "obstacle1": {"SR": 0.8842767295597485, "avg_step": 18.247798742138365, "avg_time": 4.7617439273018505, "avg_distance": [10.897075808047811, 11.289258994656159], "avg_gap": [6.84176033430156, 5.579095810434387], "avg_collision": 0.06792452830188679, "avg_evasion": 0.0, "avg_reward": 5.1251068115234375},
        "friction0": {"SR": 0.88671875, "avg_step": 16.795572916666668, "avg_time": 4.404944785870612, "avg_distance": [9.918128702244294, 10.710923506462029], "avg_gap": [6.699074743465041, 5.516222125043594], "avg_collision": 0.11067708333333333, "avg_evasion": 0.0, "avg_reward": 8.374600410461426},
        "friction1": {"SR": 0.7396149949341438, "avg_step": 23.28774062816616, "avg_time": 5.676578408437417, "avg_distance": [11.364296901726775, 13.29615060769393], "avg_gap": [7.223848046420344, 5.99011638185458], "avg_collision": 0.0851063829787234, "avg_evasion": 0.0, "avg_reward": 0.35509926080703735}
    },
    "SAC": {
        "default": {"SR": 0.8595744680851064, "avg_step": 18.09468085106383, "avg_time": 4.21510438082066, "avg_distance": [11.35056890597796, 10.828528988357085], "avg_gap": [5.342840699162352, 5.673631333401495], "avg_collision": 0.07446808510638298, "avg_evasion": 0.0, "avg_reward": 7.2229743003845215},
        "obstacle0": {"SR": 0.8355029585798817, "avg_step": 20.190532544378698, "avg_time": 4.745119834651608, "avg_distance": [11.363344741963607, 10.673479791503784], "avg_gap": [5.3293733312055425, 5.839966751977402], "avg_collision": 0.2, "avg_evasion": 0.0, "avg_reward": 4.552365303039551},
        "friction0": {"SR": 0.8681564245810056, "avg_step": 17.721787709497207, "avg_time": 4.090085832499925, "avg_distance": [11.220624078750673, 10.649267672098075], "avg_gap": [5.262995142435718, 5.627441356546578], "avg_collision": 0.054748603351955305, "avg_evasion": 0.0, "avg_reward": 6.223499774932861},
        "obstacle1": {"SR": 0.8500551267916208, "avg_step": 19.044101433296582, "avg_time": 4.574251128136783, "avg_distance": [11.83417296797798, 11.58977079312635], "avg_gap": [5.296706164795938, 5.616991531924479], "avg_collision": 0.13561190738699008, "avg_evasion": 0.0, "avg_reward": 4.0086212158203125},
        "friction1": {"SR": 0.833, "avg_step": 20.04, "avg_time": 4.7092536654472354, "avg_distance": [12.076074888963895, 11.388394892213071], "avg_gap": [5.32573825600369, 5.620306985485034], "avg_collision": 0.051, "avg_evasion": 0.0, "avg_reward": 4.069176197052002}
    },
    "PPO": {
        "default": {"SR": 0.6246122026887281, "avg_step": 27.7311271975181, "avg_time": 6.841724652415594, "avg_distance": [15.576031460568347, 15.56110180596579], "avg_gap": [4.941504159631041, 5.287178172789813], "avg_collision": 0.06825232678386763, "avg_evasion": 0.0, "avg_reward": -2.535670280456543},
        "obstacle0": {"SR": 0.586015538290788, "avg_step": 29.670366259711432, "avg_time": 7.574437763000302, "avg_distance": [15.211505468612252, 16.072407859409687], "avg_gap": [5.214289086138897, 5.35696500439786], "avg_collision": 0.09211986681465038, "avg_evasion": 0.0, "avg_reward": -4.590179920196533},
        "obstacle1": {"SR": 0.6272066458982347, "avg_step": 27.654205607476637, "avg_time": 7.005552825402867, "avg_distance": [16.07811546494696, 15.674159765085447], "avg_gap": [4.945824731798964, 5.241798064097255], "avg_collision": 0.102803738317757, "avg_evasion": 0.0, "avg_reward": -1.1099776029586792},
        "friction0": {"SR": 0.6108048511576626, "avg_step": 28.081587651598678, "avg_time": 6.717192108076489, "avg_distance": [16.393607021949272, 16.2753171811427], "avg_gap": [4.934333851183468, 5.299836985827415], "avg_collision": 0.11245865490628446, "avg_evasion": 0.0, "avg_reward": -4.183420181274414},
        "friction1": {"SR": 0.6337741607324516, "avg_step": 28.585961342828078, "avg_time": 7.199030783751246, "avg_distance": [15.54618537513852, 15.509036234209523], "avg_gap": [5.1803548299593425, 5.412459473787626], "avg_collision": 0.054933875890132246, "avg_evasion": 0.0, "avg_reward": -4.749184608459473}
    },
    "DDPG": {
        "default": {"SR": 0.8884615384615384, "avg_step": 16.28974358974359, "avg_time": 4.220243618121514, "avg_distance": [10.141884291928074, 9.371140541591414], "avg_gap": [5.010458758381427, 6.314784565800246], "avg_collision": 0.046153846153846156, "avg_evasion": 0.0, "avg_reward": 9.262811660766602},
        "obstacle0": {"SR": 0.8661202185792349, "avg_step": 18.40573770491803, "avg_time": 4.895703368825339, "avg_distance": [9.901012413867738, 10.047816771628648], "avg_gap": [5.247144686369708, 6.227291315159979], "avg_collision": 0.11612021857923498, "avg_evasion": 0.0, "avg_reward": 5.594555377960205},
        "obstacle1": {"SR": 0.9225721784776902, "avg_step": 14.88713910761155, "avg_time": 3.9762564831831324, "avg_distance": [9.387620777852923, 8.51315709948345], "avg_gap": [5.113088486779206, 6.141061209019609], "avg_collision": 0.027559055118110236, "avg_evasion": 0.0, "avg_reward": 10.614482879638672},
        "friction0": {"SR": 0.9013157894736842, "avg_step": 16.23421052631579, "avg_time": 4.2400410714902375, "avg_distance": [10.304130345181607, 9.638933951757462], "avg_gap": [5.147177707670769, 6.285026047452289], "avg_collision": 0.031578947368421054, "avg_evasion": 0.0, "avg_reward": 8.895846366882324},
        "friction1": {"SR": 0.7540650406504065, "avg_step": 22.679878048780488, "avg_time": 5.915196947692856, "avg_distance": [11.909976261506163, 10.780308954157935], "avg_gap": [5.692844003574936, 6.7728862179488765], "avg_collision": 0.1524390243902439, "avg_evasion": 0.0, "avg_reward": 0.18364618718624115}
    }
}