{
    "TD3_default": {
        "20000_steps": {"SR": 0.3384615384615385, "avg_step": 42.53589743589744, "avg_time": 9.68166245863988, "avg_distance": [27.53292787, 28.59317454, 27.67762067], "avg_gap": [3.09782169, 4.23971424, 3.3414895], "avg_collision": 1.0846153846153845, "avg_evasion": 3.6333333333333333, "avg_reward": -11.13788890838623},
        "40000_steps": {"SR": 0.5025773195876289, "avg_step": 39.76546391752577, "avg_time": 9.036662593330306, "avg_distance": [25.71070645, 26.30036025, 25.1795873], "avg_gap": [3.01402552, 4.04736613, 2.83255234], "avg_collision": 1.2963917525773196, "avg_evasion": 3.7396907216494846, "avg_reward": -7.628002166748047},
        "60000_steps": {"SR": 0.7480519480519481, "avg_step": 33.23376623376623, "avg_time": 7.658445204697646, "avg_distance": [21.2078643, 21.38503898, 20.72898525], "avg_gap": [3.15563969, 3.29064821, 2.89675419], "avg_collision": 1.1428571428571428, "avg_evasion": 2.7636363636363637, "avg_reward": -1.2013721466064453},
        "80000_steps": {"SR": 0.8266666666666667, "avg_step": 30.002666666666666, "avg_time": 6.958736946105957, "avg_distance": [19.2040285, 18.864439, 18.79734361], "avg_gap": [3.2373435, 3.07585911, 2.88781158], "avg_collision": 1.296, "avg_evasion": 2.493333333333333, "avg_reward": 1.9634618759155273},
        "100000_steps": {"SR": 0.9265822784810127, "avg_step": 25.078481012658226, "avg_time": 5.895579953736897, "avg_distance": [15.77449877, 15.87343169, 16.14157482], "avg_gap": [3.07266709, 3.15105064, 3.17740468], "avg_collision": 1.2658227848101267, "avg_evasion": 1.9265822784810127, "avg_reward": 5.6373701095581055},
        "120000_steps": {"SR": 0.9170854271356784, "avg_step": 25.0678391959799, "avg_time": 6.033846943222698, "avg_distance": [15.90264429, 16.27561147, 16.32313585], "avg_gap": [2.92070398, 3.2751301, 3.01879752], "avg_collision": 1.1582914572864322, "avg_evasion": 1.7939698492462313, "avg_reward": 6.61345911026001},
        "140000_steps": {"SR": 0.9450261780104712, "avg_step": 23.777486910994764, "avg_time": 5.785874605802966, "avg_distance": [15.56173635, 15.21829927, 15.61967328], "avg_gap": [3.11924769, 3.17198784, 3.1755226], "avg_collision": 0.9319371727748691, "avg_evasion": 1.7277486910994764, "avg_reward": 7.458017826080322},
        "160000_steps": {"SR": 0.951530612244898, "avg_step": 22.70408163265306, "avg_time": 5.568540652795714, "avg_distance": [15.19697455, 14.80424424, 14.50406899], "avg_gap": [3.34271371, 3.25889337, 2.88185483], "avg_collision": 0.875, "avg_evasion": 1.5408163265306123, "avg_reward": 8.57963752746582},
        "180000_steps": {"SR": 0.9612403100775194, "avg_step": 22.310077519379846, "avg_time": 5.386948719813226, "avg_distance": [14.85769761, 14.77282188, 14.55798151], "avg_gap": [3.23586312, 3.14317934, 3.16492871], "avg_collision": 0.7260981912144703, "avg_evasion": 1.5839793281653747, "avg_reward": 8.662684440612793},
        "200000_steps": {"SR": 0.9770408163265306, "avg_step": 22.60969387755102, "avg_time": 5.361051668926161, "avg_distance": [14.6499024, 14.89693212, 14.75802278], "avg_gap": [3.13871584, 3.23904582, 3.09557023], "avg_collision": 0.875, "avg_evasion": 1.5688775510204083, "avg_reward": 9.180643081665039}
    }
}