{
    "TD3": 1.3403008803585248,
    "SAC": 1.3176893126943876,
    "PPO": 1.3679803670749064,
    "DDPG": 1.5566734875321224,
    "CrossQ": 1.5842703634188362,
    "TRPO": 1.2401809385513578,
    "TQC": 1.4476608414775116
}