{
    "TD3": 0.13539311738174475,
    "SAC": 0.2135677306924546,
    "PPO": -0.04399606167660031,
    "DDPG": 0.40029734190835564,
    "CrossQ": 0.3465171681984781,
    "TRPO": -0.042889357750641066,
    "TQC": 0.36356989542913487
}