{
    "TD3": 0.6215732417029669,
    "SAC": 0.6405968110468805,
    "PPO": 0.6162495636001748,
    "DDPG": 0.6999873969422626,
    "CrossQ": 0.6986722436903618,
    "TRPO": 0.5635433755059509,
    "TQC": 0.6727852403239257
}