{
    "TD3": 2.6450341916570714,
    "SAC": 2.8030749546769425,
    "PPO": 1.7566915026925913,
    "DDPG": 2.915417656089178,
    "CrossQ": 2.6390778103100887,
    "TRPO": 2.0452937546897827,
    "TQC": 3.2192185327474148
}