{
    "TD3": {
        "SR": 0.07100292599043628,
        "avg_step": 0.222613776842122,
        "avg_collision": 0.27982170852036237,
        "avg_evasion": 0.31208978520111896,
        "avg_reward": 0.8903984095408431
    },
    "SAC": {
        "SR": 0.06062336163439603,
        "avg_step": 0.20833355637799722,
        "avg_collision": 0.388886022955647,
        "avg_evasion": 0.3793133917582191,
        "avg_reward": 0.7386764622656132
    },
    "PPO": {
        "SR": 0.17261501644588986,
        "avg_step": 0.19154039748866258,
        "avg_collision": 0.20014389736795773,
        "avg_evasion": 0.16979397284268616,
        "avg_reward": 0.9524995853070072
    },
    "DDPG": {
        "SR": 0.054181397116280144,
        "avg_step": 0.20917375645221667,
        "avg_collision": 0.2164085290968074,
        "avg_evasion": 0.2452702586552073,
        "avg_reward": 0.6925478951249395
    },
    "CrossQ": {
        "SR": 0.07142710853677843,
        "avg_step": 0.15389012542752148,
        "avg_collision": 0.2259685176550826,
        "avg_evasion": 0.1982097125208685,
        "avg_reward": 0.7371466989292466
    },
    "TRPO": {
        "SR": 0.12934218952147955,
        "avg_step": 0.21287834973633576,
        "avg_collision": 0.28281774570373375,
        "avg_evasion": 0.23643385131922556,
        "avg_reward": 1.101268692356187
    },
    "TQC": {
        "SR": 0.03998629403353693,
        "avg_step": 0.2078922688111374,
        "avg_collision": 0.3828325735708952,
        "avg_evasion": 0.3386183153781436,
        "avg_reward": 0.6667693110283961
    }
}