{
    "SR": 0.27757968174927894,
    "avg_step": 0.15873190064465797,
    "avg_collision": 0.13702176876797267,
    "avg_evasion": 0.16403540633601557,
    "avg_reward": 0.2626312425020748
}