{
    "SR": 0.2051593634985579,
    "avg_step": 0.21746380128931592,
    "avg_collision": 0.12404353753594533,
    "avg_evasion": 0.22807081267203114,
    "avg_reward": 0.2252624850041497
}