{
    "TD3": 1.3686859242750065,
    "SAC": 1.395043134673253,
    "PPO": 1.2740243500610247,
    "DDPG": 1.5943542118342429,
    "CrossQ": 1.5789983611860263,
    "TRPO": 1.1975668313108303,
    "TQC": 1.5585562486385436
}