{
    "TD3": {
        "SR": 0.06613192326409435,
        "avg_step": 5.260511272384886,
        "avg_collision": 0.29233885539041493,
        "avg_evasion": 0.49351832913864446,
        "avg_reward": 11.409732240509362
    },
    "SAC": {
        "SR": 0.05778939963505581,
        "avg_step": 4.613446774198083,
        "avg_collision": 0.36416520387783996,
        "avg_evasion": 0.457382878840373,
        "avg_reward": 9.890053477554996
    },
    "PPO": {
        "SR": 0.12567142481567117,
        "avg_step": 6.1738692529852255,
        "avg_collision": 0.3745760313117148,
        "avg_evasion": 0.4172304179873336,
        "avg_reward": 10.152746584956693
    },
    "DDPG": {
        "SR": 0.05130267344602409,
        "avg_step": 4.952322192786961,
        "avg_collision": 0.19771445348617336,
        "avg_evasion": 0.3620102849733337,
        "avg_reward": 8.40018448689918
    },
    "CrossQ": {
        "SR": 0.06538650849603553,
        "avg_step": 3.9767022933626173,
        "avg_collision": 0.2472511377199294,
        "avg_evasion": 0.3670759544484569,
        "avg_reward": 8.035959892893013
    },
    "TRPO": {
        "SR": 0.10802424706929241,
        "avg_step": 6.140300152257667,
        "avg_collision": 0.4103632766527865,
        "avg_evasion": 0.46782487335483275,
        "avg_reward": 10.566193055693581
    },
    "TQC": {
        "SR": 0.03848179450635647,
        "avg_step": 4.413941214966506,
        "avg_collision": 0.3636730647710808,
        "avg_evasion": 0.3795146414180382,
        "avg_reward": 9.915816932507829
    }
}