{
    "TD3_friction0": {
        "20000_steps": {
            "SR": 0.40476190476190477,
            "avg_step": 36.2952380952381,
            "avg_time": 8.216080185345241,
            "avg_distance": [
                22.182636217272083,
                22.716724992127677
            ],
            "avg_gap": [
                6.404541591962459,
                6.700253974475083
            ],
            "avg_collision": 0.11190476190476191,
            "avg_evasion": 0.0,
            "avg_reward": -9.386839866638184
        },
        "40000_steps": {
            "SR": 0.4753246753246753,
            "avg_step": 33.34025974025974,
            "avg_time": 7.623960960685433,
            "avg_distance": [
                20.752890305369004,
                20.892440028705643
            ],
            "avg_gap": [
                6.496980188810188,
                6.037657129870634
            ],
            "avg_collision": 0.06753246753246753,
            "avg_evasion": 0.0,
            "avg_reward": -7.478166103363037
        },
        "60000_steps": {
            "SR": 0.5425,
            "avg_step": 31.1075,
            "avg_time": 7.120751329064369,
            "avg_distance": [
                18.89082003729939,
                18.84224937163408
            ],
            "avg_gap": [
                6.2018825836139015,
                5.8524315481526035
            ],
            "avg_collision": 0.08,
            "avg_evasion": 0.0,
            "avg_reward": -4.585943222045898
        },
        "80000_steps": {
            "SR": 0.7437810945273632,
            "avg_step": 24.208955223880597,
            "avg_time": 5.622897916765355,
            "avg_distance": [
                14.939563405101554,
                14.534389565740215
            ],
            "avg_gap": [
                6.331805257223593,
                5.675475186276101
            ],
            "avg_collision": 0.07462686567164178,
            "avg_evasion": 0.0,
            "avg_reward": -0.7798817157745361
        },
        "100000_steps": {
            "SR": 0.7469287469287469,
            "avg_step": 23.08108108108108,
            "avg_time": 5.392271911775744,
            "avg_distance": [
                13.759354618921565,
                13.976024016944791
            ],
            "avg_gap": [
                6.5151974907194745,
                5.174244884448677
            ],
            "avg_collision": 0.1769041769041769,
            "avg_evasion": 0.0,
            "avg_reward": 1.8162238597869873
        },
        "120000_steps": {
            "SR": 0.7791563275434243,
            "avg_step": 21.866004962779158,
            "avg_time": 5.085704052122887,
            "avg_distance": [
                13.532655799264715,
                13.47399338200998
            ],
            "avg_gap": [
                6.297544904343941,
                5.589276169792409
            ],
            "avg_collision": 0.09429280397022333,
            "avg_evasion": 0.0,
            "avg_reward": 4.437392234802246
        },
        "140000_steps": {
            "SR": 0.8175182481751825,
            "avg_step": 19.450121654501217,
            "avg_time": 4.594968436698264,
            "avg_distance": [
                11.361450808412956,
                12.149850236396706
            ],
            "avg_gap": [
                6.830402361929797,
                5.482519065501794
            ],
            "avg_collision": 0.15328467153284672,
            "avg_evasion": 0.0,
            "avg_reward": 5.515308856964111
        },
        "160000_steps": {
            "SR": 0.8092783505154639,
            "avg_step": 20.435567010309278,
            "avg_time": 4.790692194835427,
            "avg_distance": [
                12.165263796336735,
                12.682455822165462
            ],
            "avg_gap": [
                6.834778293645789,
                5.486347820230524
            ],
            "avg_collision": 0.028350515463917526,
            "avg_evasion": 0.0,
            "avg_reward": 2.803804397583008
        },
        "180000_steps": {
            "SR": 0.8775510204081632,
            "avg_step": 17.71938775510204,
            "avg_time": 4.243542856707865,
            "avg_distance": [
                10.319123860201117,
                10.798312470165067
            ],
            "avg_gap": [
                6.307921761224207,
                5.936409409004619
            ],
            "avg_collision": 0.24744897959183673,
            "avg_evasion": 0.0,
            "avg_reward": 7.017331600189209
        },
        "200000_steps": {
            "SR": 0.8872180451127819,
            "avg_step": 16.949874686716793,
            "avg_time": 4.062070862093665,
            "avg_distance": [
                9.971559217343813,
                10.173479172402157
            ],
            "avg_gap": [
                6.823597226027803,
                5.403458666414832
            ],
            "avg_collision": 0.2631578947368421,
            "avg_evasion": 0.0,
            "avg_reward": 7.709422588348389
        }
    }
}