{
    "TRPO_speed0": {
        "20000_steps": {
            "SR": 0.3279569892473118,
            "avg_step": 43.44892473118279,
            "avg_time": 13.203118498607349,
            "avg_distance": [
                26.493923841490354,
                26.381370541382346,
                26.170584688411743
            ],
            "avg_gap": [
                2.9641407900575114,
                3.021735008299864,
                3.0471770218479293
            ],
            "avg_collision": 1.5134408602150538,
            "avg_evasion": 3.567204301075269,
            "avg_reward": -14.964645385742188
        },
        "40000_steps": {
            "SR": 0.43037974683544306,
            "avg_step": 41.59493670886076,
            "avg_time": 12.732214916808696,
            "avg_distance": [
                27.024244331945866,
                25.938912659429228,
                26.00328452941056
            ],
            "avg_gap": [
                3.058387552432378,
                2.7562330195872558,
                2.842367082579422
            ],
            "avg_collision": 1.8278481012658228,
            "avg_evasion": 4.275949367088607,
            "avg_reward": -10.716062545776367
        },
        "60000_steps": {
            "SR": 0.6256684491978609,
            "avg_step": 36.9144385026738,
            "avg_time": 11.357744320828647,
            "avg_distance": [
                23.06561782748927,
                23.063344184666345,
                23.04311817613101
            ],
            "avg_gap": [
                2.994075762103068,
                2.931084054321462,
                2.976804599953957
            ],
            "avg_collision": 1.8823529411764706,
            "avg_evasion": 3.6390374331550803,
            "avg_reward": -6.050535678863525
        },
        "80000_steps": {
            "SR": 0.6615384615384615,
            "avg_step": 34.684615384615384,
            "avg_time": 10.717993481953938,
            "avg_distance": [
                21.9514621240243,
                21.98633279284709,
                22.033689660852758
            ],
            "avg_gap": [
                2.9686170368341616,
                2.9242184265267555,
                2.9984076364472387
            ],
            "avg_collision": 1.7179487179487178,
            "avg_evasion": 3.2897435897435896,
            "avg_reward": -3.865947723388672
        },
        "100000_steps": {
            "SR": 0.695,
            "avg_step": 33.55,
            "avg_time": 10.359284294843674,
            "avg_distance": [
                21.46718553672024,
                21.533153374061662,
                21.380761751176575
            ],
            "avg_gap": [
                2.976458025527441,
                2.9656397579085505,
                2.977366030540083
            ],
            "avg_collision": 1.7,
            "avg_evasion": 3.0975,
            "avg_reward": -2.610142230987549
        },
        "120000_steps": {
            "SR": 0.7455470737913485,
            "avg_step": 32.43002544529262,
            "avg_time": 10.042430606507162,
            "avg_distance": [
                20.34715593726621,
                19.957773115066665,
                20.439468007621645
            ],
            "avg_gap": [
                2.969439377361995,
                2.7717298981559204,
                3.050477909896806
            ],
            "avg_collision": 1.6666666666666667,
            "avg_evasion": 3.0381679389312977,
            "avg_reward": -0.9298858046531677
        },
        "140000_steps": {
            "SR": 0.7838541666666666,
            "avg_step": 31.572916666666668,
            "avg_time": 9.832015591363112,
            "avg_distance": [
                19.644019946114245,
                19.696170275432795,
                19.755276260573048
            ],
            "avg_gap": [
                2.9864414619062765,
                2.830944633205819,
                3.03482361583519
            ],
            "avg_collision": 1.9375,
            "avg_evasion": 2.6744791666666665,
            "avg_reward": -0.7923772931098938
        },
        "160000_steps": {
            "SR": 0.7961956521739131,
            "avg_step": 31.08423913043478,
            "avg_time": 9.67869122326374,
            "avg_distance": [
                19.699928506248305,
                19.26728630881205,
                19.716874171886467
            ],
            "avg_gap": [
                3.057499681982214,
                2.9881605317642634,
                3.09979256884475
            ],
            "avg_collision": 1.6983695652173914,
            "avg_evasion": 2.6875,
            "avg_reward": -0.7883891463279724
        },
        "180000_steps": {
            "SR": 0.7989949748743719,
            "avg_step": 30.90954773869347,
            "avg_time": 9.620689504709675,
            "avg_distance": [
                19.84911943703419,
                19.505191948380375,
                19.800273009758595
            ],
            "avg_gap": [
                3.0217678696874817,
                2.965431084553005,
                3.0709159733877693
            ],
            "avg_collision": 1.6457286432160805,
            "avg_evasion": 2.7437185929648242,
            "avg_reward": -0.3548802137374878
        },
        "200000_steps": {
            "SR": 0.8481675392670157,
            "avg_step": 29.98952879581152,
            "avg_time": 9.355579482323213,
            "avg_distance": [
                18.909631686749318,
                19.138853318312904,
                19.059275406345556
            ],
            "avg_gap": [
                2.9476913800615208,
                3.0362357120610888,
                3.082525425894406
            ],
            "avg_collision": 1.3664921465968587,
            "avg_evasion": 2.6780104712041886,
            "avg_reward": 0.6628260612487793
        }
    }
}