{
    "TD3_obstacle0": {
        "20000_steps": {
            "SR": 0.3263707571801567,
            "avg_step": 38.87728459530026,
            "avg_time": 8.446452971849366,
            "avg_distance": [
                20.26365517388575,
                21.933036088330734
            ],
            "avg_gap": [
                6.543601290567191,
                6.58683216468736
            ],
            "avg_collision": 0.2506527415143603,
            "avg_evasion": 0.0,
            "avg_reward": -12.317488670349121
        },
        "40000_steps": {
            "SR": 0.4810810810810811,
            "avg_step": 33.362162162162164,
            "avg_time": 7.435470706063348,
            "avg_distance": [
                17.4283350723599,
                19.173585823220147
            ],
            "avg_gap": [
                6.311022205944747,
                6.32160408495497
            ],
            "avg_collision": 0.12972972972972974,
            "avg_evasion": 0.0,
            "avg_reward": -4.916635036468506
        },
        "60000_steps": {
            "SR": 0.5435897435897435,
            "avg_step": 32.30769230769231,
            "avg_time": 7.378981707034967,
            "avg_distance": [
                17.33169851502215,
                18.156619928345986
            ],
            "avg_gap": [
                6.505481599655566,
                5.613888019431305
            ],
            "avg_collision": 0.08974358974358974,
            "avg_evasion": 0.0,
            "avg_reward": -5.780948162078857
        },
        "80000_steps": {
            "SR": 0.65625,
            "avg_step": 28.859375,
            "avg_time": 6.6980308555066586,
            "avg_distance": [
                15.365257073430078,
                16.66950300665209
            ],
            "avg_gap": [
                6.57753114953229,
                5.751022308918572
            ],
            "avg_collision": 0.057291666666666664,
            "avg_evasion": 0.0,
            "avg_reward": -4.282328128814697
        },
        "100000_steps": {
            "SR": 0.7296650717703349,
            "avg_step": 25.832535885167463,
            "avg_time": 5.4231084026218035,
            "avg_distance": [
                13.8704965249447,
                14.245677547724203
            ],
            "avg_gap": [
                6.720863669310749,
                5.367078915646535
            ],
            "avg_collision": 0.06698564593301436,
            "avg_evasion": 0.0,
            "avg_reward": -1.7409933805465698
        },
        "120000_steps": {
            "SR": 0.7461928934010152,
            "avg_step": 23.779187817258883,
            "avg_time": 4.931870688641737,
            "avg_distance": [
                12.383600368751551,
                12.770102300448881
            ],
            "avg_gap": [
                6.3560397601372784,
                5.61244405580955
            ],
            "avg_collision": 0.08629441624365482,
            "avg_evasion": 0.0,
            "avg_reward": 1.3004765510559082
        },
        "140000_steps": {
            "SR": 0.7518987341772152,
            "avg_step": 23.724050632911393,
            "avg_time": 4.898955954781061,
            "avg_distance": [
                12.063368103944747,
                12.652471185985261
            ],
            "avg_gap": [
                6.0675399327189945,
                5.84425808301619
            ],
            "avg_collision": 0.07848101265822785,
            "avg_evasion": 0.0,
            "avg_reward": 2.730461359024048
        },
        "160000_steps": {
            "SR": 0.8077922077922078,
            "avg_step": 20.924675324675324,
            "avg_time": 4.454959823558857,
            "avg_distance": [
                11.473528018150464,
                10.940567382642802
            ],
            "avg_gap": [
                6.7229188128589055,
                5.578324074449752
            ],
            "avg_collision": 0.11688311688311688,
            "avg_evasion": 0.0,
            "avg_reward": 5.877193927764893
        },
        "180000_steps": {
            "SR": 0.8423645320197044,
            "avg_step": 19.248768472906406,
            "avg_time": 4.161869902916142,
            "avg_distance": [
                10.39657110904449,
                10.567551621345483
            ],
            "avg_gap": [
                6.500096802992297,
                5.718457581630034
            ],
            "avg_collision": 0.3522167487684729,
            "avg_evasion": 0.0,
            "avg_reward": 8.43124008178711
        },
        "200000_steps": {
            "SR": 0.8575268817204301,
            "avg_step": 19.336021505376344,
            "avg_time": 4.151198984474264,
            "avg_distance": [
                10.440093480386837,
                10.714786021898995
            ],
            "avg_gap": [
                6.418420785391862,
                5.3312814663411
            ],
            "avg_collision": 0.056451612903225805,
            "avg_evasion": 0.0,
            "avg_reward": 6.6066460609436035
        }
    }
}