{
    "PPO": {
        "20000_steps": {
            "default": {"SR": 0.16210526315789472, "avg_step": 42.88, "avg_time": 8.10753640074479, "avg_distance": [13.30220734910624, 12.641102062301247], "avg_gap": [5.91734386672849, 6.1704082293703095], "avg_collision": 0.5410526315789473, "avg_evasion": 0.0, "avg_reward": -15.540369987487793},
            "obstacle1": {"SR": 0.2629757785467128, "avg_step": 38.449826989619375, "avg_time": 7.705807704001562, "avg_distance": [10.382201257408482, 9.548548767089757], "avg_gap": [5.7131861838822875, 5.959931150975339], "avg_collision": 0.17301038062283736, "avg_evasion": 0.0, "avg_reward": -10.033084869384766}
        }
    },
    "TD3": {
        "20000_steps": {
            "default": {"SR": 0.35374149659863946, "avg_step": 37.81859410430839, "avg_time": 8.572517584240625, "avg_distance": [22.125409988081394, 22.854009650829614], "avg_gap": [6.489422304516185, 6.542683215161183], "avg_collision": 0.10430839002267574, "avg_evasion": 0.0, "avg_reward": -11.958213806152344},
            "friction0": {"SR": 0.40476190476190477, "avg_step": 36.2952380952381, "avg_time": 8.216080185345241, "avg_distance": [22.182636217272083, 22.716724992127677], "avg_gap": [6.404541591962459, 6.700253974475083], "avg_collision": 0.11190476190476191, "avg_evasion": 0.0, "avg_reward": -9.386839866638184},
            "friction1": {"SR": 0.3629191321499014, "avg_step": 39.06903353057199, "avg_time": 8.87231216157917, "avg_distance": [20.963027358880076, 22.307200897155806], "avg_gap": [6.6271403271266704, 6.861480254885374], "avg_collision": 0.22090729783037474, "avg_evasion": 0.0, "avg_reward": -14.11402416229248},
            "obstacle0": {"SR": 0.3263707571801567, "avg_step": 38.87728459530026, "avg_time": 8.446452971849366, "avg_distance": [20.26365517388575, 21.933036088330734], "avg_gap": [6.543601290567191, 6.58683216468736], "avg_collision": 0.2506527415143603, "avg_evasion": 0.0, "avg_reward": -12.317488670349121},
            "obstacle1": {"SR": 0.39294117647058824, "avg_step": 36.83764705882353, "avg_time": 7.135913258720847, "avg_distance": [21.292868540370137, 21.77120693123464], "avg_gap": [6.513977364993958, 6.56470780313663], "avg_collision": 0.11058823529411765, "avg_evasion": 0.0, "avg_reward": -10.247164726257324}
        },
        "40000_steps": {
            "default": {"SR": 0.4735576923076923, "avg_step": 34.41346153846154, "avg_time": 7.825745674853142, "avg_distance": [20.028158078981278, 20.705414922433754], "avg_gap": [6.68360679228237, 6.274829054495671], "avg_collision": 0.09134615384615384, "avg_evasion": 0.0, "avg_reward": -9.784489631652832},
            "friction0": {"SR": 0.4753246753246753, "avg_step": 33.34025974025974, "avg_time": 7.623960960685433, "avg_distance": [20.752890305369004, 20.892440028705643], "avg_gap": [6.496980188810188, 6.037657129870634], "avg_collision": 0.06753246753246753, "avg_evasion": 0.0, "avg_reward": -7.478166103363037},
            "friction1": {"SR": 0.4251012145748988, "avg_step": 36.35627530364373, "avg_time": 8.294475783220669, "avg_distance": [18.926150020909557, 20.899365065630917], "avg_gap": [6.652829854285595, 6.60780557697358], "avg_collision": 0.06477732793522267, "avg_evasion": 0.0, "avg_reward": -11.0927095413208},
            "obstacle0": {"SR": 0.4810810810810811, "avg_step": 33.362162162162164, "avg_time": 7.435470706063348, "avg_distance": [17.4283350723599, 19.173585823220147], "avg_gap": [6.311022205944747, 6.32160408495497], "avg_collision": 0.12972972972972974, "avg_evasion": 0.0, "avg_reward": -4.916635036468506},
            "obstacle1": {"SR": 0.43291139240506327, "avg_step": 35.00759493670886, "avg_time": 6.823429978648319, "avg_distance": [19.523371053781503, 22.177016393935645], "avg_gap": [6.675084698571018, 6.61965742394089], "avg_collision": 0.06582278481012659, "avg_evasion": 0.0, "avg_reward": -7.747802257537842}
        },
        "60000_steps": {
            "default": {"SR": 0.5862068965517241, "avg_step": 31.085057471264367, "avg_time": 7.126593169398691, "avg_distance": [18.535690285106995, 18.411493562346887], "avg_gap": [6.223808877943875, 6.059861047456739], "avg_collision": 0.21379310344827587, "avg_evasion": 0.0, "avg_reward": -6.2335028648376465},
            "friction0": {"SR": 0.5425, "avg_step": 31.1075, "avg_time": 7.120751329064369, "avg_distance": [18.89082003729939, 18.84224937163408], "avg_gap": [6.2018825836139015, 5.8524315481526035], "avg_collision": 0.08, "avg_evasion": 0.0, "avg_reward": -4.585943222045898},
            "friction1": {"SR": 0.5352112676056338, "avg_step": 32.83702213279678, "avg_time": 7.503423934491347, "avg_distance": [18.195722558412793, 18.72854990671982], "avg_gap": [6.809941482456011, 6.122735946197754], "avg_collision": 0.08450704225352113, "avg_evasion": 0.0, "avg_reward": -7.787374019622803},
            "obstacle0": {"SR": 0.5435897435897435, "avg_step": 32.30769230769231, "avg_time": 7.378981707034967, "avg_distance": [17.33169851502215, 18.156619928345986], "avg_gap": [6.505481599655566, 5.613888019431305], "avg_collision": 0.08974358974358974, "avg_evasion": 0.0, "avg_reward": -5.780948162078857},
            "obstacle1": {"SR": 0.5936739659367397, "avg_step": 31.822384428223845, "avg_time": 6.274026948460117, "avg_distance": [18.64903446142717, 19.385994438296795], "avg_gap": [6.335759216868844, 6.18001870944764], "avg_collision": 0.09245742092457421, "avg_evasion": 0.0, "avg_reward": -7.762855529785156}
        },
        "80000_steps": {
            "default": {"SR": 0.723404255319149, "avg_step": 25.14657210401891, "avg_time": 5.883235565595875, "avg_distance": [15.491418532539448, 15.586124698988334], "avg_gap": [6.034522729024816, 5.55324666319826], "avg_collision": 0.1111111111111111, "avg_evasion": 0.0, "avg_reward": -0.23850789666175842},
            "friction0": {"SR": 0.7437810945273632, "avg_step": 24.208955223880597, "avg_time": 5.622897916765355, "avg_distance": [14.939563405101554, 14.534389565740215], "avg_gap": [6.331805257223593, 5.675475186276101], "avg_collision": 0.07462686567164178, "avg_evasion": 0.0, "avg_reward": -0.7798817157745361},
            "friction1": {"SR": 0.6471774193548387, "avg_step": 29.776209677419356, "avg_time": 6.875741065509858, "avg_distance": [15.42389198265786, 17.697671474227437], "avg_gap": [6.763858945004777, 5.677325449264073], "avg_collision": 0.0625, "avg_evasion": 0.0, "avg_reward": -6.0727338790893555},
            "obstacle0": {"SR": 0.65625, "avg_step": 28.859375, "avg_time": 6.6980308555066586, "avg_distance": [15.365257073430078, 16.66950300665209], "avg_gap": [6.57753114953229, 5.751022308918572], "avg_collision": 0.057291666666666664, "avg_evasion": 0.0, "avg_reward": -4.282328128814697},
            "obstacle1": {"SR": 0.7012658227848101, "avg_step": 26.09113924050633, "avg_time": 5.2398417334013345, "avg_distance": [15.258963617692434, 16.565397909444766], "avg_gap": [6.22486211852637, 5.61440005427123], "avg_collision": 0.23544303797468355, "avg_evasion": 0.0, "avg_reward": -1.2371878623962402}
        },
        "100000_steps": {
            "default": {"SR": 0.773542600896861, "avg_step": 22.067264573991032, "avg_time": 5.1582388049283905, "avg_distance": [13.515883297834856, 13.7012188416453], "avg_gap": [6.054322857175873, 5.5547755771336105], "avg_collision": 0.1210762331838565, "avg_evasion": 0.0, "avg_reward": 4.901662826538086},
            "friction0": {"SR": 0.7469287469287469, "avg_step": 23.08108108108108, "avg_time": 5.392271911775744, "avg_distance": [13.759354618921565, 13.976024016944791], "avg_gap": [6.5151974907194745, 5.174244884448677], "avg_collision": 0.1769041769041769, "avg_evasion": 0.0, "avg_reward": 1.8162238597869873},
            "friction1": {"SR": 0.7188755020080321, "avg_step": 25.347389558232933, "avg_time": 5.921053797844423, "avg_distance": [13.89893037317989, 14.557112707173115], "avg_gap": [6.832392367745192, 5.5688826136746945], "avg_collision": 0.13453815261044177,