{
    "PPO_speed1": {
        "20000_steps": {
            "SR": 0.28055555555555556,
            "avg_step": 44.55833333333333,
            "avg_time": 13.48852171500524,
            "avg_distance": [
                17.503138256638664,
                18.594323428026648,
                17.952361088224215
            ],
            "avg_gap": [
                3.5657773222882962,
                3.387153064607851,
                3.6408804382656417
            ],
            "avg_collision": 3.5083333333333333,
            "avg_evasion": 1.3972222222222221,
            "avg_reward": -18.61871910095215
        },
        "40000_steps": {
            "SR": 0.24233983286908078,
            "avg_step": 45.37604456824513,
            "avg_time": 13.841235272399562,
            "avg_distance": [
                25.0940753883784,
                23.600214318129524,
                24.214850982519813
            ],
            "avg_gap": [
                3.3957808152594393,
                3.3478218083077516,
                3.493941066537489
            ],
            "avg_collision": 3.1977715877437327,
            "avg_evasion": 1.4846796657381616,
            "avg_reward": -19.44791603088379
        },
        "60000_steps": {
            "SR": 0.1942257217847769,
            "avg_step": 46.658792650918635,
            "avg_time": 14.349427585526714,
            "avg_distance": [
                27.21172829397485,
                26.54734078020485,
                26.967170619833244
            ],
            "avg_gap": [
                3.199316873490375,
                3.1309182572309386,
                3.2065340443484844
            ],
            "avg_collision": 2.8661417322834644,
            "avg_evasion": 2.7217847769028873,
            "avg_reward": -19.45133399963379
        },
        "80000_steps": {
            "SR": 0.35656836461126007,
            "avg_step": 42.90348525469169,
            "avg_time": 13.23711592006939,
            "avg_distance": [
                25.100589067497562,
                24.66724106041762,
                25.201672434693265
            ],
            "avg_gap": [
                2.945540822199729,
                2.9357959408131027,
                2.979780785936347
            ],
            "avg_collision": 2.9436997319034854,
            "avg_evasion": 2.8820375335120643,
            "avg_reward": -13.35974407196045
        },
        "100000_steps": {
            "SR": 0.2248062015503876,
            "avg_step": 45.405684754521964,
            "avg_time": 13.960463725319205,
            "avg_distance": [
                29.013644484696737,
                29.288860743065538,
                28.945321606522498
            ],
            "avg_gap": [
                3.1146794228930443,
                3.416246347614,
                3.190338828925811
            ],
            "avg_collision": 1.193798449612403,
            "avg_evasion": 3.4186046511627906,
            "avg_reward": -14.717327117919922
        },
        "120000_steps": {
            "SR": 0.2860824742268041,
            "avg_step": 43.45103092783505,
            "avg_time": 13.385868003687907,
            "avg_distance": [
                27.560635404825508,
                27.527342040783484,
                26.77371351469251
            ],
            "avg_gap": [
                3.198192383716642,
                3.2872589846206406,
                3.10059742539452
            ],
            "avg_collision": 1.481958762886598,
            "avg_evasion": 3.211340206185567,
            "avg_reward": -12.740022659301758
        },
        "140000_steps": {
            "SR": 0.45219638242894056,
            "avg_step": 41.325581395348834,
            "avg_time": 12.801263143849928,
            "avg_distance": [
                24.41315073269559,
                24.56188951296517,
                24.57611431834558
            ],
            "avg_gap": [
                2.8821109645847285,
                3.188683421684142,
                2.9618141369367224
            ],
            "avg_collision": 2.8863049095607236,
            "avg_evasion": 2.801033591731266,
            "avg_reward": -10.58782958984375
        },
        "160000_steps": {
            "SR": 0.49184782608695654,
            "avg_step": 39.36141304347826,
            "avg_time": 12.202032063318336,
            "avg_distance": [
                24.002524494932548,
                23.74465253222029,
                23.180134412154565
            ],
            "avg_gap": [
                3.093380507116623,
                3.1721802375625243,
                2.90366954712375
            ],
            "avg_collision": 2.4864130434782608,
            "avg_evasion": 2.692934782608696,
            "avg_reward": -9.393632888793945
        },
        "180000_steps": {
            "SR": 0.46774193548387094,
            "avg_step": 39.833333333333336,
            "avg_time": 12.326513970410952,
            "avg_distance": [
                24.925823461116952,
                25.05390770864712,
                23.90386182641263
            ],
            "avg_gap": [
                3.325784891736618,
                3.282095872475031,
                2.8197264222271365
            ],
            "avg_collision": 2.03494623655914,
            "avg_evasion": 2.6693548387096775,
            "avg_reward": -8.87122631072998
        },
        "200000_steps": {
            "SR": 0.5126050420168067,
            "avg_step": 40.2436974789916,
            "avg_time": 12.465980887079105,
            "avg_distance": [
                24.613433871916115,
                25.20645313040211,
                23.433461767963237
            ],
            "avg_gap": [
                3.0793128244063666,
                3.1500864895663376,
                2.849088511311091
            ],
            "avg_collision": 2.19327731092437,
            "avg_evasion": 2.7142857142857144,
            "avg_reward": -8.577591896057129
        }
    }
}