{
    "TQC_speed0": {
        "20000_steps": {
            "SR": 0.6052631578947368,
            "avg_step": 38.02368421052632,
            "avg_time": 11.694004274669446,
            "avg_distance": [
                24.937692495050268,
                24.823713616101696,
                23.852010544347948
            ],
            "avg_gap": [
                3.0623660589177133,
                2.971165817033513,
                2.7942860123083872
            ],
            "avg_collision": 1.5,
            "avg_evasion": 3.968421052631579,
            "avg_reward": -6.244727611541748
        },
        "40000_steps": {
            "SR": 0.21227621483375958,
            "avg_step": 45.0537084398977,
            "avg_time": 13.736433932848295,
            "avg_distance": [
                30.53044705101367,
                29.504588012785224,
                29.949887655851573
            ],
            "avg_gap": [
                3.061321063300577,
                3.297377639746158,
                3.5877943485532864
            ],
            "avg_collision": 1.2301790281329923,
            "avg_evasion": 4.810741687979539,
            "avg_reward": -13.770248413085938
        },
        "60000_steps": {
            "SR": 0.3307291666666667,
            "avg_step": 42.411458333333336,
            "avg_time": 13.019363147517046,
            "avg_distance": [
                28.434746871067556,
                28.09335147970967,
                28.936379667728133
            ],
            "avg_gap": [
                3.3444526983342384,
                3.056046626130257,
                3.665512321673134
            ],
            "avg_collision": 1.1432291666666667,
            "avg_evasion": 4.205729166666667,
            "avg_reward": -11.75869083404541
        },
        "80000_steps": {
            "SR": 0.8943089430894309,
            "avg_step": 26.85636856368564,
            "avg_time": 8.422641103506734,
            "avg_distance": [
                17.453001693941804,
                17.55450200400191,
                18.109549535886597
            ],
            "avg_gap": [
                2.8467653754137134,
                3.072745810423542,
                3.258262245916318
            ],
            "avg_collision": 0.7317073170731707,
            "avg_evasion": 2.113821138211382,
            "avg_reward": 5.4706220626831055
        },
        "100000_steps": {
            "SR": 0.95,
            "avg_step": 23.355263157894736,
            "avg_time": 7.448824085059919,
            "avg_distance": [
                15.341653342553613,
                15.224272631084048,
                15.370676463099313
            ],
            "avg_gap": [
                3.2177105001007567,
                2.9206728735700405,
                3.088073162790916
            ],
            "avg_collision": 0.8184210526315789,
            "avg_evasion": 1.8473684210526315,
            "avg_reward": 8.216760635375977
        },
        "120000_steps": {
            "SR": 0.9310344827586207,
            "avg_step": 25.480106100795755,
            "avg_time": 8.0855521542324,
            "avg_distance": [
                16.483742682585934,
                16.56676675420167,
                16.737277848678104
            ],
            "avg_gap": [
                3.017897581899073,
                3.0267568442549484,
                3.1618636696521802
            ],
            "avg_collision": 0.9151193633952255,
            "avg_evasion": 2.156498673740053,
            "avg_reward": 6.445062637329102
        },
        "140000_steps": {
            "SR": 0.9388297872340425,
            "avg_step": 24.425531914893618,
            "avg_time": 7.7727994899800485,
            "avg_distance": [
                15.490575967267521,
                16.212892110235572,
                15.77474611110926
            ],
            "avg_gap": [
                3.011508015729807,
                3.3462415745122165,
                3.0570699304260165
            ],
            "avg_collision": 0.9627659574468085,
            "avg_evasion": 2.026595744680851,
            "avg_reward": 7.203599452972412
        },
        "160000_steps": {
            "SR": 0.9707446808510638,
            "avg_step": 22.242021276595743,
            "avg_time": 7.122074879864429,
            "avg_distance": [
                14.5563675124381,
                14.489723517166192,
                14.807957472732763
            ],
            "avg_gap": [
                3.08989710643618,
                3.0913003186972,
                3.119671157136251
            ],
            "avg_collision": 0.9867021276595744,
            "avg_evasion": 1.8803191489361701,
            "avg_reward": 9.363636016845703
        },
        "180000_steps": {
            "SR": 0.9708222811671088,
            "avg_step": 21.774535809018566,
            "avg_time": 7.003051137418266,
            "avg_distance": [
                14.478210802146352,
                14.422180071450784,
                14.460876441030189
            ],
            "avg_gap": [
                3.226133686999469,
                3.0411868173384673,
                3.336623443111145
            ],
            "avg_collision": 0.9257294429708223,
            "avg_evasion": 1.687002652519894,
            "avg_reward": 10.911965370178223
        },
        "200000_steps": {
            "SR": 0.9553805774278216,
            "avg_step": 22.548556430446194,
            "avg_time": 7.213805383897516,
            "avg_distance": [
                14.890629003638889,
                15.108390943057612,
                14.738775973686602
            ],
            "avg_gap": [
                3.076332100114685,
                3.1910671110344664,
                2.8048004887489415
            ],
            "avg_collision": 1.0393700787401574,
            "avg_evasion": 1.7034120734908136,
            "avg_reward": 10.833633422851562
        }
    }
}