{
    "PPO_friction0": {
        "20000_steps": {
            "SR": 0.4715447154471545,
            "avg_step": 40.52574525745258,
            "avg_time": 12.32542229151015,
            "avg_distance": [
                17.6835536898322,
                18.567642511741465,
                17.299295091349546
            ],
            "avg_gap": [
                3.390779581340393,
                3.2936222569077502,
                3.291567228460664
            ],
            "avg_collision": 3.097560975609756,
            "avg_evasion": 2.186991869918699,
            "avg_reward": -14.090963363647461
        },
        "40000_steps": {
            "SR": 0.3424657534246575,
            "avg_step": 43.1972602739726,
            "avg_time": 13.252935734840289,
            "avg_distance": [
                24.456528958683176,
                23.74300886320231,
                23.606577635448605
            ],
            "avg_gap": [
                3.219028288202762,
                3.093998484288749,
                3.2015186654854793
            ],
            "avg_collision": 2.578082191780822,
            "avg_evasion": 2.504109589041096,
            "avg_reward": -16.335765838623047
        },
        "60000_steps": {
            "SR": 0.2849604221635884,
            "avg_step": 44.87335092348285,
            "avg_time": 13.829672864999495,
            "avg_distance": [
                27.116513714464606,
                26.108412983189453,
                26.387260460526914
            ],
            "avg_gap": [
                3.0807487720572735,
                2.7584164067420702,
                3.036134529221966
            ],
            "avg_collision": 2.6965699208443272,
            "avg_evasion": 3.7546174142480213,
            "avg_reward": -15.919010162353516
        },
        "80000_steps": {
            "SR": 0.4887005649717514,
            "avg_step": 40.632768361581924,
            "avg_time": 12.546964500583497,
            "avg_distance": [
                24.534961616296805,
                24.271263036337853,
                24.52537833242076
            ],
            "avg_gap": [
                2.7620538922484137,
                2.782345351943925,
                2.824805059893243
            ],
            "avg_collision": 2.559322033898305,
            "avg_evasion": 3.731638418079096,
            "avg_reward": -9.97031307220459
        },
        "100000_steps": {
            "SR": 0.3384615384615385,
            "avg_step": 43.11794871794872,
            "avg_time": 13.343871306150387,
            "avg_distance": [
                27.851290808820735,
                28.024587961773314,
                27.119049277924738
            ],
            "avg_gap": [
                2.960044062591951,
                3.273783883032694,
                2.795523811717136
            ],
            "avg_collision": 1.5384615384615385,
            "avg_evasion": 4.069230769230769,
            "avg_reward": -10.54396915435791
        },
        "120000_steps": {
            "SR": 0.46194225721784776,
            "avg_step": 39.63517060367454,
            "avg_time": 12.306764965608052,
            "avg_distance": [
                24.971383825279595,
                25.7894380318337,
                24.822122769559265
            ],
            "avg_gap": [
                3.013780897190212,
                3.293304868978778,
                2.9577067713313085
            ],
            "avg_collision": 1.5065616797900263,
            "avg_evasion": 3.509186351706037,
            "avg_reward": -7.83424711227417
        },
        "140000_steps": {
            "SR": 0.672972972972973,
            "avg_step": 35.935135135135134,
            "avg_time": 11.1873655493195,
            "avg_distance": [
                22.05443742189229,
                22.13013176180943,
                21.881258167965854
            ],
            "avg_gap": [
                2.9682846365301048,
                3.0269808252838524,
                2.973660281373755
            ],
            "avg_collision": 2.1243243243243244,
            "avg_evasion": 3.0081081081081082,
            "avg_reward": -5.454488754272461
        },
        "160000_steps": {
            "SR": 0.6463104325699746,
            "avg_step": 36.18066157760814,
            "avg_time": 11.243880870688052,
            "avg_distance": [
                22.674270304789523,
                22.500962225190015,
                21.877782493912587
            ],
            "avg_gap": [
                3.1994280012864085,
                3.1263021087842207,
                2.9399884517632175
            ],
            "avg_collision": 2.0025445292620865,
            "avg_evasion": 3.0254452926208653,
            "avg_reward": -5.532222747802734
        },
        "180000_steps": {
            "SR": 0.6447368421052632,
            "avg_step": 35.07631578947368,
            "avg_time": 10.929110379595505,
            "avg_distance": [
                22.638605583280505,
                22.148349597340943,
                21.97240524096149
            ],
            "avg_gap": [
                3.14879528299962,
                3.036487129619939,
                2.861422599351473
            ],
            "avg_collision": 1.4052631578947368,
            "avg_evasion": 2.844736842105263,
            "avg_reward": -3.5395700931549072
        },
        "200000_steps": {
            "SR": 0.6622340425531915,
            "avg_step": 35.54255319148936,
            "avg_time": 11.114171607697264,
            "avg_distance": [
                22.20790849161465,
                22.481158122606917,
                21.402802256832647
            ],
            "avg_gap": [
                3.0455456508524383,
                3.0094351930968815,
                2.789594749878354
            ],
            "avg_collision": 1.922872340425532,
            "avg_evasion": 2.7127659574468086,
            "avg_reward": -3.3339762687683105
        }
    }
}