{
    "CrossQ_speed1": {
        "20000_steps": {
            "SR": 0.609375,
            "avg_step": 37.65625,
            "avg_time": 11.700309055546919,
            "avg_distance": [
                24.396359657729715,
                24.201781487587894,
                24.170313582604077
            ],
            "avg_gap": [
                3.2625638840202194,
                3.2352498425482845,
                2.773424516421564
            ],
            "avg_collision": 1.3958333333333333,
            "avg_evasion": 2.890625,
            "avg_reward": -6.083310604095459
        },
        "40000_steps": {
            "SR": 0.6790123456790124,
            "avg_step": 35.56296296296296,
            "avg_time": 26.723556390220736,
            "avg_distance": [
                22.623990600430687,
                22.523703408265014,
                22.57335904762661
            ],
            "avg_gap": [
                3.0675423021385932,
                3.0826562869075387,
                3.0027985498164935
            ],
            "avg_collision": 1.2765432098765432,
            "avg_evasion": 2.6666666666666665,
            "avg_reward": -3.4838664531707764
        },
        "60000_steps": {
            "SR": 0.7022900763358778,
            "avg_step": 34.32315521628499,
            "avg_time": 27.629721287249307,
            "avg_distance": [
                21.98049802029377,
                21.706771251826428,
                21.58278873402223
            ],
            "avg_gap": [
                3.188909245809868,
                3.1253934695360632,
                2.826944358066
            ],
            "avg_collision": 1.2875318066157762,
            "avg_evasion": 2.5292620865139948,
            "avg_reward": -2.3883090019226074
        },
        "80000_steps": {
            "SR": 0.7857142857142857,
            "avg_step": 32.10204081632653,
            "avg_time": 14.341453987724927,
            "avg_distance": [
                20.27033249074059,
                20.498294166083472,
                20.241548333468614
            ],
            "avg_gap": [
                3.068279800879462,
                3.0546555363171466,
                2.817327211709626
            ],
            "avg_collision": 1.3188775510204083,
            "avg_evasion": 2.3801020408163267,
            "avg_reward": -0.04965566098690033
        },
        "100000_steps": {
            "SR": 0.7526595744680851,
            "avg_step": 33.888297872340424,
            "avg_time": 13.213041973240832,
            "avg_distance": [
                21.45376757252576,
                21.534458961722724,
                21.629204388975705
            ],
            "avg_gap": [
                3.2379460203739523,
                2.9891473011308443,
                3.1931257985687864
            ],
            "avg_collision": 1.2659574468085106,
            "avg_evasion": 2.6648936170212765,
            "avg_reward": -1.643224835395813
        },
        "120000_steps": {
            "SR": 0.7788944723618091,
            "avg_step": 33.221105527638194,
            "avg_time": 13.011113981505734,
            "avg_distance": [
                21.261718939524908,
                21.23328574618056,
                20.96559488098633
            ],
            "avg_gap": [
                3.17275935994711,
                2.933192200093416,
                2.8253543950151148
            ],
            "avg_collision": 1.2537688442211055,
            "avg_evasion": 2.630653266331658,
            "avg_reward": -0.9397189021110535
        },
        "140000_steps": {
            "SR": 0.7948717948717948,
            "avg_step": 31.31025641025641,
            "avg_time": 12.275406374686803,
            "avg_distance": [
                20.039973987203222,
                19.793292882050665,
                20.359634163812878
            ],
            "avg_gap": [
                3.0734330044138356,
                2.9829064584264837,
                3.2077072171356558
            ],
            "avg_collision": 1.2256410256410257,
            "avg_evasion": 2.348717948717949,
            "avg_reward": 0.603192925453186
        },
        "160000_steps": {
            "SR": 0.84,
            "avg_step": 30.64,
            "avg_time": 12.023103057146072,
            "avg_distance": [
                19.44490668832208,
                19.48331320268479,
                19.531054315722216
            ],
            "avg_gap": [
                3.1833403745782625,
                2.994390588220009,
                2.979086240864134
            ],
            "avg_collision": 1.2625,
            "avg_evasion": 2.17,
            "avg_reward": 1.523769736289978
        },
        "180000_steps": {
            "SR": 0.8575,
            "avg_step": 29.99,
            "avg_time": 11.775226194262505,
            "avg_distance": [
                18.966164318054265,
                19.05078509236301,
                19.123701781687718
            ],
            "avg_gap": [
                3.209234479413065,
                3.040604451842536,
                3.0701048707030987
            ],
            "avg_collision": 1.415,
            "avg_evasion": 2.165,
            "avg_reward": 2.000019073486328
        }
    }
}