{
    "SAC_speed1": {
        "20000_steps": {
            "SR": 0.2422680412371134,
            "avg_step": 44.94845360824742,
            "avg_time": 13.769281309904512,
            "avg_distance": [
                29.013009091502553,
                28.607685124775212,
                29.872313747525247
            ],
            "avg_gap": [
                3.2314065753802064,
                3.0081730939035345,
                3.4468601007386024
            ],
            "avg_collision": 1.4690721649484537,
            "avg_evasion": 3.4072164948453607,
            "avg_reward": -14.138022422790527
        },
        "40000_steps": {
            "SR": 0.47074468085106386,
            "avg_step": 40.180851063829785,
            "avg_time": 12.422115620780499,
            "avg_distance": [
                25.79986429266683,
                25.723892185895277,
                26.26954089212852
            ],
            "avg_gap": [
                3.5354071583265987,
                3.2141463871398095,
                3.2545695869814018
            ],
            "avg_collision": 1.4627659574468086,
            "avg_evasion": 2.797872340425532,
            "avg_reward": -9.945657730102539
        },
        "60000_steps": {
            "SR": 0.5883905013192612,
            "avg_step": 37.83905013192612,
            "avg_time": 11.716030365558916,
            "avg_distance": [
                24.44898313538822,
                24.619542212115224,
                24.266834180100677
            ],
            "avg_gap": [
                3.66750852084281,
                3.7197731914857393,
                3.186011638061462
            ],
            "avg_collision": 1.353562005277045,
            "avg_evasion": 2.287598944591029,
            "avg_reward": -7.8415117263793945
        },
        "80000_steps": {
            "SR": 0.7435233160621761,
            "avg_step": 32.55440414507772,
            "avg_time": 10.136925130928118,
            "avg_distance": [
                20.946891178144934,
                20.922421817615923,
                20.919178511584708
            ],
            "avg_gap": [
                3.3710388758579195,
                3.158766445580707,
                3.0474934663237363
            ],
            "avg_collision": 1.33419689119171,
            "avg_evasion": 2.098445595854922,
            "avg_reward": -0.8366245627403259
        },
        "100000_steps": {
            "SR": 0.8174807197943444,
            "avg_step": 30.884318766066837,
            "avg_time": 9.621240870811638,
            "avg_distance": [
                19.955895004121395,
                19.93909977432681,
                19.42834945657594
            ],
            "avg_gap": [
                3.236693473386648,
                3.22949471275256,
                2.875855240543483
            ],
            "avg_collision": 1.2982005141388175,
            "avg_evasion": 1.948586118251928,
            "avg_reward": 0.8252775073051453
        },
        "120000_steps": {
            "SR": 0.925531914893617,
            "avg_step": 25.98404255319149,
            "avg_time": 8.181266831590774,
            "avg_distance": [
                16.83144416384044,
                16.620487849039694,
                16.79582622364722
            ],
            "avg_gap": [
                3.4827463743707416,
                3.290034018403531,
                3.0463508785852444
            ],
            "avg_collision": 1.050531914893617,
            "avg_evasion": 1.4148936170212767,
            "avg_reward": 5.031166076660156
        },
        "140000_steps": {
            "SR": 0.9350282485875706,
            "avg_step": 25.78813559322034,
            "avg_time": 9.109204672150693,
            "avg_distance": [
                16.521271936379918,
                16.212663975651928,
                16.753402007100533
            ],
            "avg_gap": [
                3.3480707574346824,
                3.1482236969096298,
                3.1030036152407336
            ],
            "avg_collision": 1.0960451977401129,
            "avg_evasion": 1.3615819209039548,
            "avg_reward": 5.787265777587891
        },
        "160000_steps": {
            "SR": 0.9485861182519281,
            "avg_step": 23.946015424164525,
            "avg_time": 19.364472123222058,
            "avg_distance": [
                15.247017599959008,
                15.727595088245215,
                15.412046085029127
            ],
            "avg_gap": [
                3.1267620279721773,
                3.449796524928084,
                3.1143398773743325
            ],
            "avg_collision": 0.9717223650385605,
            "avg_evasion": 1.275064267352185,
            "avg_reward": 7.58023738861084
        },
        "180000_steps": {
            "SR": 0.9770992366412213,
            "avg_step": 22.104325699745548,
            "avg_time": 17.930341451829324,
            "avg_distance": [
                14.233119994830052,
                14.490967140210115,
                14.687931650857545
            ],
            "avg_gap": [
                3.4793606209957355,
                3.2674707567650274,
                3.2291661539139467
            ],
            "avg_collision": 0.732824427480916,
            "avg_evasion": 1.0559796437659033,
            "avg_reward": 9.440266609191895
        },
        "200000_steps": {
            "SR": 0.9745547073791349,
            "avg_step": 21.78117048346056,
            "avg_time": 17.67916889105741,
            "avg_distance": [
                14.228001301624403,
                14.379711473020711,
                14.568753346464538
            ],
            "avg_gap": [
                3.287602372925121,
                3.3873917323191547,
                3.349883468896174
            ],
            "avg_collision": 0.7506361323155216,
            "avg_evasion": 0.9745547073791349,
            "avg_reward": 9.958845138549805
        }
    }
}