{
    "PPO_poses1": {
        "20000_steps": {
            "SR": 0.8765957446808511,
            "avg_step": 14.961702127659574,
            "avg_time": 4.486218595504761,
            "avg_distance": [
                4.856555745528935,
                4.777684202582239,
                4.895804993141393
            ],
            "avg_gap": [
                1.2446709920447672,
                1.3352008190263096,
                1.4618891986332267
            ],
            "avg_collision": 1.6872340425531915,
            "avg_evasion": 1.2297872340425533,
            "avg_reward": 37.24819564819336
        },
        "40000_steps": {
            "SR": 0.6813186813186813,
            "avg_step": 27.584615384615386,
            "avg_time": 7.8501305396740255,
            "avg_distance": [
                13.006868712417452,
                12.3407245372787,
                12.916373568570956
            ],
            "avg_gap": [
                1.6899775787129085,
                1.5617544553624416,
                1.605128320869508
            ],
            "avg_collision": 1.9032967032967032,
            "avg_evasion": 2.821978021978022,
            "avg_reward": 9.620471000671387
        },
        "60000_steps": {
            "SR": 0.5227765726681128,
            "avg_step": 33.26681127982646,
            "avg_time": 9.422195217873165,
            "avg_distance": [
                18.406311035934102,
                17.048419880573476,
                18.21233691775677
            ],
            "avg_gap": [
                1.64373335603024,
                1.541851540250549,
                1.6732777475868643
            ],
            "avg_collision": 1.947939262472885,
            "avg_evasion": 4.327548806941432,
            "avg_reward": 5.053094387054443
        },
        "80000_steps": {
            "SR": 0.7400881057268722,
            "avg_step": 25.10352422907489,
            "avg_time": 7.260239934606174,
            "avg_distance": [
                13.857550222191303,
                13.17436440672958,
                13.882484955679903
            ],
            "avg_gap": [
                1.3610401961029883,
                1.2560975235637957,
                1.3874722419146506
            ],
            "avg_collision": 1.566079295154185,
            "avg_evasion": 3.356828193832599,
            "avg_reward": 17.537860870361328
        },
        "100000_steps": {
            "SR": 0.6898047722342733,
            "avg_step": 28.31887201735358,
            "avg_time": 8.141103294045703,
            "avg_distance": [
                16.711774162169682,
                16.58991096381092,
                16.21035370921165
            ],
            "avg_gap": [
                1.445775835000167,
                1.5409516046596603,
                1.3964779852078082
            ],
            "avg_collision": 1.0455531453362257,
            "avg_evasion": 3.522776572668113,
            "avg_reward": 11.198803901672363
        },
        "120000_steps": {
            "SR": 0.8051391862955032,
            "avg_step": 20.925053533190578,
            "avg_time": 6.141955132147484,
            "avg_distance": [
                11.678499949540175,
                11.663860008903628,
                11.577691830747572
            ],
            "avg_gap": [
                1.2020880169945627,
                1.4220952072350705,
                1.3052516050481093
            ],
            "avg_collision": 1.1327623126338329,
            "avg_evasion": 2.404710920770878,
            "avg_reward": 23.67816925048828
        },
        "140000_steps": {
            "SR": 0.9078947368421053,
            "avg_step": 18.99122807017544,
            "avg_time": 5.637250032864119,
            "avg_distance": [
                10.514523149137226,
                9.97230041311688,
                10.19859729909911
            ],
            "avg_gap": [
                1.2443159806029411,
                1.129498039880814,
                1.2360366618305658
            ],
            "avg_collision": 1.0394736842105263,
            "avg_evasion": 2.1951754385964914,
            "avg_reward": 31.793066024780273
        },
        "160000_steps": {
            "SR": 0.8792372881355932,
            "avg_step": 20.845338983050848,
            "avg_time": 5.504516608634238,
            "avg_distance": [
                11.857115662059869,
                11.16736905581401,
                11.594073688107475
            ],
            "avg_gap": [
                1.2511150258338002,
                1.2390144814528774,
                1.38216749397074
            ],
            "avg_collision": 1.2584745762711864,
            "avg_evasion": 2.6207627118644066,
            "avg_reward": 21.98467254638672
        },
        "180000_steps": {
            "SR": 0.8666666666666667,
            "avg_step": 19.840860215053763,
            "avg_time": 5.662648636807678,
            "avg_distance": [
                11.238841606637243,
                10.860611828749667,
                11.276680588689413
            ],
            "avg_gap": [
                1.2168043977736545,
                1.2395891170432283,
                1.4289119117763307
            ],
            "avg_collision": 1.021505376344086,
            "avg_evasion": 2.4193548387096775,
            "avg_reward": 21.97393226623535
        },
        "200000_steps": {
            "SR": 0.8138528138528138,
            "avg_step": 24.1017316017316,
            "avg_time": 6.973190465014734,
            "avg_distance": [
                13.803198306341342,
                13.247486099706203,
                13.164171127233926
            ],
            "avg_gap": [
                1.2838425821857335,
                1.3448969997608993,
                1.326976880696868
            ],
            "avg_collision": 1.4437229437229437,
            "avg_evasion": 2.8095238095238093,
            "avg_reward": 16.65919303894043
        }
    }
}