{
    "CrossQ_default": {
        "20000_steps": {
            "SR": 0.7064935064935065,
            "avg_step": 34.05714285714286,
            "avg_time": 10.627797233903562,
            "avg_distance": [
                22.3276604390598,
                21.86566650321403,
                22.199363447681936
            ],
            "avg_gap": [
                3.088604051846393,
                2.97256481395015,
                2.8698826064754557
            ],
            "avg_collision": 1.0883116883116883,
            "avg_evasion": 2.9896103896103896,
            "avg_reward": -2.9135942459106445
        },
        "40000_steps": {
            "SR": 0.783289817232376,
            "avg_step": 33.08355091383812,
            "avg_time": 10.342441509037664,
            "avg_distance": [
                21.396398507683926,
                21.111394946431258,
                21.20380711683167
            ],
            "avg_gap": [
                3.0474803520874016,
                3.0165655285189494,
                3.0841013691147103
            ],
            "avg_collision": 1.0913838120104438,
            "avg_evasion": 2.7911227154046996,
            "avg_reward": -0.9613723158836365
        },
        "60000_steps": {
            "SR": 0.7884130982367759,
            "avg_step": 32.31738035264484,
            "avg_time": 10.162047862406041,
            "avg_distance": [
                20.740388586961107,
                20.7125715409452,
                20.53185030523089
            ],
            "avg_gap": [
                2.90644324781253,
                3.0008387743546736,
                2.9367243126457026
            ],
            "avg_collision": 1.2418136020151134,
            "avg_evasion": 2.765743073047859,
            "avg_reward": -0.44788858294487
        },
        "80000_steps": {
            "SR": 0.8225,
            "avg_step": 30.53,
            "avg_time": 9.61913190305233,
            "avg_distance": [
                19.532175299411563,
                19.706915297609225,
                19.46109247103851
            ],
            "avg_gap": [
                2.9788986633610217,
                3.137694545633005,
                3.008109017536402
            ],
            "avg_collision": 1.26,
            "avg_evasion": 2.5,
            "avg_reward": 1.1356909275054932
        },
        "100000_steps": {
            "SR": 0.8677248677248677,
            "avg_step": 28.49206349206349,
            "avg_time": 8.993747479070432,
            "avg_distance": [
                18.319055458951887,
                18.343536147092124,
                18.349018475029442
            ],
            "avg_gap": [
                3.1079921624452873,
                3.03603106773901,
                2.9774234283391574
            ],
            "avg_collision": 1.3915343915343916,
            "avg_evasion": 2.328042328042328,
            "avg_reward": 3.015460252761841
        },
        "120000_steps": {
            "SR": 0.8503937007874016,
            "avg_step": 30.136482939632547,
            "avg_time": 9.512964293712706,
            "avg_distance": [
                19.38171853008933,
                19.505183620578915,
                19.582000255453206
            ],
            "avg_gap": [
                3.1997614795737084,
                2.956158585135762,
                3.04680200284129
            ],
            "avg_collision": 1.4619422572178478,
            "avg_evasion": 2.664041994750656,
            "avg_reward": 1.8957785367965698
        },
        "140000_steps": {
            "SR": 0.882051282051282,
            "avg_step": 28.47948717948718,
            "avg_time": 9.00192697842916,
            "avg_distance": [
                18.37208177217913,
                18.39142162656063,
                18.392751679235886
            ],
            "avg_gap": [
                3.154676854929319,
                3.054564851061251,
                3.022480071833067
            ],
            "avg_collision": 1.5384615384615385,
            "avg_evasion": 2.253846153846154,
            "avg_reward": 3.299577474594116
        },
        "160000_steps": {
            "SR": 0.9206349206349206,
            "avg_step": 26.843915343915345,
            "avg_time": 8.523045483720365,
            "avg_distance": [
                17.643346826753508,
                17.41142400652568,
                17.39981102012227
            ],
            "avg_gap": [
                3.2634241531347676,
                2.9999736597342763,
                3.0153741827455454
            ],
            "avg_collision": 0.8888888888888888,
            "avg_evasion": 2.0793650793650795,
            "avg_reward": 4.474034786224365
        },
        "180000_steps": {
            "SR": 0.8811881188118812,
            "avg_step": 28.168316831683168,
            "avg_time": 8.93606706420974,
            "avg_distance": [
                17.966621030072982,
                17.926503228980014,
                18.006506780933265
            ],
            "avg_gap": [
                2.9232537133606384,
                2.8882268630665395,
                2.9613550645109457
            ],
            "avg_collision": 1.2846534653465347,
            "avg_evasion": 2.25990099009901,
            "avg_reward": 3.8187270164489746
        },
        "200000_steps": {
            "SR": 0.9072681704260651,
            "avg_step": 27.303258145363408,
            "avg_time": 8.653157795879775,
            "avg_distance": [
                17.7717116920248,
                17.657655073828593,
                17.90381945259195
            ],
            "avg_gap": [
                3.049817279210622,
                2.986653774509852,
                2.9705849127915473
            ],
            "avg_collision": 1.0726817042606516,
            "avg_evasion": 2.230576441102757,
            "avg_reward": 4.602197647094727
        }
    }
}