{
    "TRPO_default": {
        "20000_steps": {
            "SR": 0.3109919571045576,
            "avg_step": 43.84986595174263,
            "avg_time": 13.304825758486587,
            "avg_distance": [
                26.497657528693935,
                26.373847037324296,
                26.43374949875474
            ],
            "avg_gap": [
                3.0734138408188008,
                2.876320142768738,
                3.0687160361681616
            ],
            "avg_collision": 1.6407506702412868,
            "avg_evasion": 3.278820375335121,
            "avg_reward": -15.159297943115234
        },
        "40000_steps": {
            "SR": 0.412568306010929,
            "avg_step": 41.333333333333336,
            "avg_time": 12.62536745644658,
            "avg_distance": [
                26.519881374224834,
                25.365221780996773,
                25.74772641072205
            ],
            "avg_gap": [
                3.123396666048098,
                2.6796790038803238,
                2.9847406941422103
            ],
            "avg_collision": 1.6885245901639345,
            "avg_evasion": 3.658469945355191,
            "avg_reward": -10.697281837463379
        },
        "60000_steps": {
            "SR": 0.6027027027027027,
            "avg_step": 36.83513513513513,
            "avg_time": 11.336586004334528,
            "avg_distance": [
                22.669157585677308,
                22.59823562936397,
                22.952474989507675
            ],
            "avg_gap": [
                3.0550149955550436,
                2.8821780246579496,
                2.965863627231416
            ],
            "avg_collision": 2.0216216216216214,
            "avg_evasion": 3.145945945945946,
            "avg_reward": -5.9932966232299805
        },
        "80000_steps": {
            "SR": 0.571830985915493,
            "avg_step": 36.738028169014086,
            "avg_time": 11.307669154691025,
            "avg_distance": [
                22.880043596496556,
                22.72390189434428,
                23.041592621233402
            ],
            "avg_gap": [
                2.870867488648763,
                2.829962721415846,
                3.1337569496036504
            ],
            "avg_collision": 1.952112676056338,
            "avg_evasion": 3.028169014084507,
            "avg_reward": -5.616394996643066
        },
        "100000_steps": {
            "SR": 0.6421052631578947,
            "avg_step": 34.98947368421052,
            "avg_time": 10.759829105828938,
            "avg_distance": [
                21.944807339050055,
                21.966658328129498,
                22.09840925474688
            ],
            "avg_gap": [
                3.001357110024647,
                2.898925689330862,
                3.027935555128286
            ],
            "avg_collision": 1.568421052631579,
            "avg_evasion": 2.876315789473684,
            "avg_reward": -3.4444069862365723
        },
        "120000_steps": {
            "SR": 0.7197943444730077,
            "avg_step": 32.98200514138817,
            "avg_time": 10.17993189988222,
            "avg_distance": [
                20.273229636975344,
                20.034128786116632,
                20.47489681086206
            ],
            "avg_gap": [
                2.868554853275277,
                2.799288197810195,
                3.048369970582155
            ],
            "avg_collision": 1.7892030848329048,
            "avg_evasion": 2.570694087403599,
            "avg_reward": -0.842667818069458
        },
        "140000_steps": {
            "SR": 0.7874659400544959,
            "avg_step": 31.168937329700274,
            "avg_time": 9.670963068424193,
            "avg_distance": [
                19.242252790437938,
                19.009646821341683,
                19.457349122659306
            ],
            "avg_gap": [
                3.006113110406835,
                2.893415777222108,
                2.9086151317601607
            ],
            "avg_collision": 1.9509536784741144,
            "avg_evasion": 2.3760217983651226,
            "avg_reward": 0.4172065556049347
        },
        "160000_steps": {
            "SR": 0.7731958762886598,
            "avg_step": 31.99484536082474,
            "avg_time": 9.910201818672652,
            "avg_distance": [
                19.59103652079531,
                19.72949558258392,
                19.845845236852576
            ],
            "avg_gap": [
                3.0434338346489795,
                2.9665142824905963,
                2.936936736348905
            ],
            "avg_collision": 1.9381443298969072,
            "avg_evasion": 2.4536082474226806,
            "avg_reward": -0.7992714047431946
        },
        "180000_steps": {
            "SR": 0.8398950131233596,
            "avg_step": 30.94750656167979,
            "avg_time": 9.599928264542827,
            "avg_distance": [
                19.38766699374346,
                19.184680278020696,
                19.641348525419257
            ],
            "avg_gap": [
                2.9439517923021694,
                2.8752043429134804,
                3.0235062379737543
            ],
            "avg_collision": 1.6771653543307086,
            "avg_evasion": 2.2467191601049867,
            "avg_reward": 0.5869381427764893
        },
        "200000_steps": {
            "SR": 0.835509138381201,
            "avg_step": 29.5065274151436,
            "avg_time": 9.194862825129736,
            "avg_distance": [
                18.24506749124857,
                18.681273704658217,
                18.683273592629863
            ],
            "avg_gap": [
                2.8445132679972738,
                2.981763305527813,
                3.2078291255611826
            ],
            "avg_collision": 1.5091383812010444,
            "avg_evasion": 2.2010443864229763,
            "avg_reward": 1.6005384922027588
        }
    }
}