{
    "TRPO": {
        "default": {
            "SR": 0.8713910761154856,
            "avg_step": 28.7742782152231,
            "avg_time": 9.743652151951327,
            "avg_distance": [
                17.882532954206727,
                18.248017683207557,
                18.117451496520253
            ],
            "avg_gap": [
                2.997379499819489,
                3.207923305192383,
                3.1948962628852655
            ],
            "avg_collision": 1.4068241469816274,
            "avg_evasion": 2.10498687664042,
            "avg_reward": 1.2198657989501953
        },
        "speed0": {
            "SR": 0.8926630434782609,
            "avg_step": 27.60461956521739,
            "avg_time": 7.732446941020696,
            "avg_distance": [
                17.33242372794057,
                17.92541827069839,
                17.573501859142414
            ],
            "avg_gap": [
                3.01487721572746,
                3.2604331314543704,
                3.0749808873605304
            ],
            "avg_collision": 1.2622282608695652,
            "avg_evasion": 2.2595108695652173,
            "avg_reward": 2.0185887813568115
        },
        "speed1": {
            "SR": 0.7893296853625171,
            "avg_step": 32.51162790697674,
            "avg_time": 10.89980875646693,
            "avg_distance": [
                19.695980377611136,
                20.34484517386971,
                19.72563755515072
            ],
            "avg_gap": [
                2.8946009528292236,
                3.25447558968699,
                3.132720708359714
            ],
            "avg_collision": 1.6566347469220246,
            "avg_evasion": 1.9534883720930232,
            "avg_reward": -1.6792676448822021
        },
        "obstacle0": {
            "SR": 0.5658914728682171,
            "avg_step": 37.457364341085274,
            "avg_time": 13.544623615821818,
            "avg_distance": [
                17.35772433254252,
                18.41118701751685,
                17.309463231825188
            ],
            "avg_gap": [
                3.117170862841196,
                3.3980482337846163,
                3.2418413724178676
            ],
            "avg_collision": 1.550387596899225,
            "avg_evasion": 2.953488372093023,
            "avg_reward": -6.851660251617432
        },
        "obstacle1": {
            "SR": 0.8538461538461538,
            "avg_step": 28.764615384615386,
            "avg_time": 9.788220694982089,
            "avg_distance": [
                17.29921286861829,
                17.922790450706646,
                17.600786057818873
            ],
            "avg_gap": [
                2.946580831905485,
                3.2703441430736815,
                3.1533979047930294
            ],
            "avg_collision": 1.4123076923076923,
            "avg_evasion": 1.9353846153846155,
            "avg_reward": 1.3094546794891357
        },
        "poses0": {
            "SR": 0.8209109730848861,
            "avg_step": 34.11904761904762,
            "avg_time": 11.368443910626398,
            "avg_distance": [
                24.26600829485445,
                22.464879488800136,
                21.159256525967265
            ],
            "avg_gap": [
                5.0056238383078755,
                5.604269329798626,
                5.808702166805026
            ],
            "avg_collision": 2.4037267080745344,
            "avg_evasion": 1.5186335403726707,
            "avg_reward": -6.358824253082275
        },
        "poses1": {
            "SR": 0.9619852164730729,
            "avg_step": 14.498416050686378,
            "avg_time": 5.132292342664321,
            "avg_distance": [
                7.968234005480559,
                7.870340873846719,
                8.067428798806308
            ],
            "avg_gap": [
                1.210187045015786,
                1.053108752474173,
                1.2091707554841944
            ],
            "avg_collision": 0.7697993664202746,
            "avg_evasion": 1.1615628299894403,
            "avg_reward": 30.96515655517578
        },
        "friction0": {
            "SR": 0.9307282415630551,
            "avg_step": 25.207815275310836,
            "avg_time": 8.492478688275623,
            "avg_distance": [
                16.329699742737965,
                16.73270065852502,
                16.407597761032104
            ],
            "avg_gap": [
                3.049590361922589,
                3.233160803841338,
                3.044334679058662
            ],
            "avg_collision": 1.2433392539964476,
            "avg_evasion": 1.8152753108348134,
            "avg_reward": 4.023916244506836
        },
        "friction1": {
            "SR": 0.8298906439854192,
            "avg_step": 30.659781287970837,
            "avg_time": 10.34952895001102,
            "avg_distance": [
                17.917069249566715,
                18.449870562849796,
                18.174842747123723
            ],
            "avg_gap": [
                2.9703715753604296,
                3.1994499525166,
                3.075107420112169
            ],
            "avg_collision": 1.353584447144593,
            "avg_evasion": 2.1057108140947753,
            "avg_reward": 0.038904689252376556
        }
    }
}