{
    "DDPG_speed1": {
        "20000_steps": {
            "SR": 0.37027027027027026,
            "avg_step": 43.18648648648649,
            "avg_time": 13.224699266536815,
            "avg_distance": [
                27.873997480507416,
                27.899204074686665,
                28.371769538433732
            ],
            "avg_gap": [
                3.2714731922190343,
                2.9503966412444993,
                3.5212931286314384
            ],
            "avg_collision": 1.2972972972972974,
            "avg_evasion": 3.7756756756756755,
            "avg_reward": -11.064047813415527
        },
        "40000_steps": {
            "SR": 0.662269129287599,
            "avg_step": 37.087071240105544,
            "avg_time": 11.486781119671221,
            "avg_distance": [
                24.132039666442974,
                23.299872017261027,
                23.517626035966526
            ],
            "avg_gap": [
                3.264378459873309,
                2.8461178095587623,
                3.387901220543052
            ],
            "avg_collision": 1.5382585751978892,
            "avg_evasion": 2.870712401055409,
            "avg_reward": -4.367793083190918
        },
        "60000_steps": {
            "SR": 0.8075880758807588,
            "avg_step": 32.34688346883469,
            "avg_time": 10.074868158919378,
            "avg_distance": [
                20.73672487681054,
                20.406772450966272,
                20.686729436141157
            ],
            "avg_gap": [
                3.325864980817625,
                2.8954731318767775,
                3.1684058638534944
            ],
            "avg_collision": 0.964769647696477,
            "avg_evasion": 2.089430894308943,
            "avg_reward": -0.22627119719982147
        },
        "80000_steps": {
            "SR": 0.8828125,
            "avg_step": 29.5625,
            "avg_time": 9.229791209722558,
            "avg_distance": [
                19.000537351806006,
                18.555323149579205,
                18.44094610129641
            ],
            "avg_gap": [
                3.467632141071064,
                3.0592357855908436,
                3.2529411519363483
            ],
            "avg_collision": 1.1510416666666667,
            "avg_evasion": 1.9348958333333333,
            "avg_reward": 1.8977924585342407
        },
        "100000_steps": {
            "SR": 0.8997429305912596,
            "avg_step": 28.27763496143959,
            "avg_time": 8.879404782636,
            "avg_distance": [
                18.170334757768586,
                18.104862384723788,
                18.418717573095012
            ],
            "avg_gap": [
                3.084286059927757,
                2.9231436452191497,
                3.2975048338568738
            ],
            "avg_collision": 1.0437017994858613,
            "avg_evasion": 1.845758354755784,
            "avg_reward": 3.7829043865203857
        },
        "120000_steps": {
            "SR": 0.9280397022332506,
            "avg_step": 26.870967741935484,
            "avg_time": 8.465748656772206,
            "avg_distance": [
                17.522031777171737,
                17.230295745420246,
                17.539962932589198
            ],
            "avg_gap": [
                3.125913495463022,
                2.982920569073681,
                3.265421632731012
            ],
            "avg_collision": 1.0570719602977667,
            "avg_evasion": 1.6724565756823822,
            "avg_reward": 5.4854326248168945
        },
        "140000_steps": {
            "SR": 0.9173333333333333,
            "avg_step": 27.666666666666668,
            "avg_time": 8.736331429163615,
            "avg_distance": [
                18.0383626688357,
                17.626151310269393,
                18.025660791735056
            ],
            "avg_gap": [
                3.151053199979553,
                2.949465493267784,
                3.20768457190701
            ],
            "avg_collision": 0.9386666666666666,
            "avg_evasion": 1.792,
            "avg_reward": 5.27920389175415
        },
        "160000_steps": {
            "SR": 0.9224598930481284,
            "avg_step": 26.97326203208556,
            "avg_time": 8.505718220363963,
            "avg_distance": [
                17.639649376298024,
                16.97452112209675,
                17.46960696224433
            ],
            "avg_gap": [
                3.284172629096224,
                2.961484110873703,
                3.2888247919720093
            ],
            "avg_collision": 1.1336898395721926,
            "avg_evasion": 1.7620320855614973,
            "avg_reward": 5.700170993804932
        },
        "180000_steps": {
            "SR": 0.9384236453201971,
            "avg_step": 27.669950738916256,
            "avg_time": 8.692127537844804,
            "avg_distance": [
                18.40293106919629,
                18.004813798386152,
                18.25178314754388
            ],
            "avg_gap": [
                3.2951838533072673,
                3.178754512901998,
                3.202513479553784
            ],
            "avg_collision": 0.7881773399014779,
            "avg_evasion": 1.6206896551724137,
            "avg_reward": 5.138845443725586
        },
        "200000_steps": {
            "SR": 0.9541984732824428,
            "avg_step": 26.697201017811704,
            "avg_time": 8.440741551134726,
            "avg_distance": [
                17.628289006433814,
                17.01261070508017,
                17.20000111313297
            ],
            "avg_gap": [
                3.368632419305823,
                2.973192902512241,
                3.197042959262177
            ],
            "avg_collision": 0.8396946564885496,
            "avg_evasion": 1.3918575063613232,
            "avg_reward": 6.821475505828857
        }
    }
}