{
    "SAC_speed0": {
        "20000_steps": {
            "SR": 0.4763157894736842,
            "avg_step": 40.88421052631579,
            "avg_time": 12.572031911423332,
            "avg_distance": [
                26.73729890531798,
                26.456285877610476,
                26.635513135355914
            ],
            "avg_gap": [
                3.180951397403435,
                3.014338747492788,
                3.1221731501581704
            ],
            "avg_collision": 1.3,
            "avg_evasion": 4.05,
            "avg_reward": -9.387105941772461
        },
        "40000_steps": {
            "SR": 0.7382198952879581,
            "avg_step": 33.20157068062827,
            "avg_time": 10.312169657327741,
            "avg_distance": [
                21.85228532149694,
                21.875545399220222,
                21.925369266371405
            ],
            "avg_gap": [
                3.37158937745861,
                3.173460373243545,
                3.179639866991427
            ],
            "avg_collision": 1.1858638743455496,
            "avg_evasion": 2.863874345549738,
            "avg_reward": -3.255033254623413
        },
        "60000_steps": {
            "SR": 0.7855297157622739,
            "avg_step": 31.94315245478036,
            "avg_time": 9.966736134940648,
            "avg_distance": [
                20.72162986465696,
                21.237806069910356,
                20.708092533825994
            ],
            "avg_gap": [
                3.13441496134817,
                3.2878027593499817,
                2.99312576090899
            ],
            "avg_collision": 1.1886304909560723,
            "avg_evasion": 2.6925064599483206,
            "avg_reward": -1.3285037279129028
        },
        "80000_steps": {
            "SR": 0.825136612021858,
            "avg_step": 29.55191256830601,
            "avg_time": 9.2529822320886,
            "avg_distance": [
                19.330709597705066,
                19.07879680628911,
                19.374740024325913
            ],
            "avg_gap": [
                3.390585250052397,
                3.0449404850420803,
                2.9783511181488262
            ],
            "avg_collision": 1.0027322404371584,
            "avg_evasion": 2.5136612021857925,
            "avg_reward": 1.1269582509994507
        },
        "100000_steps": {
            "SR": 0.8469945355191257,
            "avg_step": 28.010928961748633,
            "avg_time": 8.80156630635913,
            "avg_distance": [
                18.41568956170988,
                18.314038134664766,
                18.064060979695928
            ],
            "avg_gap": [
                3.3064256496403983,
                3.1414305605668025,
                2.849115236388579
            ],
            "avg_collision": 0.9426229508196722,
            "avg_evasion": 2.5437158469945356,
            "avg_reward": 2.30789852142334
        },
        "120000_steps": {
            "SR": 0.9086294416243654,
            "avg_step": 24.926395939086294,
            "avg_time": 7.8603821436160715,
            "avg_distance": [
                16.071514733702333,
                16.065580856973153,
                16.078922468422466
            ],
            "avg_gap": [
                3.1108726824998487,
                3.1909566025686438,
                3.018058010398397
            ],
            "avg_collision": 1.1065989847715736,
            "avg_evasion": 2.035532994923858,
            "avg_reward": 5.951864242553711
        },
        "140000_steps": {
            "SR": 0.9472295514511874,
            "avg_step": 24.437994722955146,
            "avg_time": 7.716210923282955,
            "avg_distance": [
                15.6246853780074,
                15.832045509636497,
                15.9126227959257
            ],
            "avg_gap": [
                3.154144619443068,
                3.0449996933411168,
                3.1120809078832634
            ],
            "avg_collision": 1.0659630606860158,
            "avg_evasion": 1.9234828496042216,
            "avg_reward": 6.659972190856934
        },
        "160000_steps": {
            "SR": 0.9326424870466321,
            "avg_step": 23.321243523316063,
            "avg_time": 7.367896088046731,
            "avg_distance": [
                15.19258638252368,
                15.353401670827585,
                15.348363623799989
            ],
            "avg_gap": [
                3.1500338084390624,
                3.1909104535324486,
                2.8832320509062246
            ],
            "avg_collision": 1.1476683937823835,
            "avg_evasion": 1.971502590673575,
            "avg_reward": 7.712005615234375
        },
        "180000_steps": {
            "SR": 0.9686684073107049,
            "avg_step": 21.449086161879894,
            "avg_time": 6.818064093278531,
            "avg_distance": [
                14.109471455432502,
                14.32281489560662,
                14.390757723929202
            ],
            "avg_gap": [
                3.0966828293203257,
                3.069489011286126,
                3.0197611150426082
            ],
            "avg_collision": 0.7154046997389034,
            "avg_evasion": 1.6919060052219321,
            "avg_reward": 10.443742752075195
        },
        "200000_steps": {
            "SR": 0.95,
            "avg_step": 22.26,
            "avg_time": 7.103974081277848,
            "avg_distance": [
                14.517965901812927,
                14.419288180321633,
                14.995234827823522
            ],
            "avg_gap": [
                3.052877195169161,
                3.1666392397751615,
                3.2118686557405685
            ],
            "avg_collision": 0.7925,
            "avg_evasion": 1.6275,
            "avg_reward": 9.111438751220703
        }
    }
}