{
    "TD3_obstacle1": {
        "20000_steps": {
            "SR": 0.39294117647058824,
            "avg_step": 36.83764705882353,
            "avg_time": 7.135913258720847,
            "avg_distance": [
                21.292868540370137,
                21.77120693123464
            ],
            "avg_gap": [
                6.513977364993958,
                6.56470780313663
            ],
            "avg_collision": 0.11058823529411765,
            "avg_evasion": 0.0,
            "avg_reward": -10.247164726257324
        },
        "40000_steps": {
            "SR": 0.43291139240506327,
            "avg_step": 35.00759493670886,
            "avg_time": 6.823429978648319,
            "avg_distance": [
                19.523371053781503,
                22.177016393935645
            ],
            "avg_gap": [
                6.675084698571018,
                6.61965742394089
            ],
            "avg_collision": 0.06582278481012659,
            "avg_evasion": 0.0,
            "avg_reward": -7.747802257537842
        },
        "60000_steps": {
            "SR": 0.5936739659367397,
            "avg_step": 31.822384428223845,
            "avg_time": 6.274026948460117,
            "avg_distance": [
                18.64903446142717,
                19.385994438296795
            ],
            "avg_gap": [
                6.335759216868844,
                6.18001870944764
            ],
            "avg_collision": 0.09245742092457421,
            "avg_evasion": 0.0,
            "avg_reward": -7.762855529785156
        },
        "80000_steps": {
            "SR": 0.7012658227848101,
            "avg_step": 26.09113924050633,
            "avg_time": 5.2398417334013345,
            "avg_distance": [
                15.258963617692434,
                16.565397909444766
            ],
            "avg_gap": [
                6.22486211852637,
                5.61440005427123
            ],
            "avg_collision": 0.23544303797468355,
            "avg_evasion": 0.0,
            "avg_reward": -1.2371878623962402
        },
        "100000_steps": {
            "SR": 0.7848970251716247,
            "avg_step": 22.899313501144164,
            "avg_time": 4.6154502338348316,
            "avg_distance": [
                13.615689053188934,
                13.794241640990816
            ],
            "avg_gap": [
                6.5380011120210435,
                5.5892699682674305
            ],
            "avg_collision": 0.043478260869565216,
            "avg_evasion": 0.0,
            "avg_reward": 0.9810516834259033
        },
        "120000_steps": {
            "SR": 0.8075949367088607,
            "avg_step": 21.59746835443038,
            "avg_time": 4.402974939949905,
            "avg_distance": [
                12.727821513258675,
                12.957469979693672
            ],
            "avg_gap": [
                6.3555716362674515,
                5.494486148965483
            ],
            "avg_collision": 0.08607594936708861,
            "avg_evasion": 0.0,
            "avg_reward": 2.040501117706299
        },
        "140000_steps": {
            "SR": 0.8,
            "avg_step": 21.08780487804878,
            "avg_time": 4.328004476500721,
            "avg_distance": [
                12.555892571809318,
                12.342181079386584
            ],
            "avg_gap": [
                7.055565429853479,
                5.582187010423689
            ],
            "avg_collision": 0.08292682926829269,
            "avg_evasion": 0.0,
            "avg_reward": 2.7009196281433105
        },
        "160000_steps": {
            "SR": 0.835,
            "avg_step": 19.7675,
            "avg_time": 4.049741693139076,
            "avg_distance": [
                11.902130141220052,
                11.595832451074527
            ],
            "avg_gap": [
                6.696153226215743,
                5.736876613744951
            ],
            "avg_collision": 0.1,
            "avg_evasion": 0.0,
            "avg_reward": 4.082211494445801
        },
        "180000_steps": {
            "SR": 0.8631840796019901,
            "avg_step": 18.855721393034827,
            "avg_time": 3.8987424818437493,
            "avg_distance": [
                10.929651499879283,
                11.104441781509056
            ],
            "avg_gap": [
                6.690783069015733,
                5.3862001482421835
            ],
            "avg_collision": 0.17412935323383086,
            "avg_evasion": 0.0,
            "avg_reward": 7.712912559509277
        },
        "200000_steps": {
            "SR": 0.9081632653061225,
            "avg_step": 16.762755102040817,
            "avg_time": 3.562837770398782,
            "avg_distance": [
                10.252817518971495,
                10.391703021534516
            ],
            "avg_gap": [
                6.446060496489053,
                5.523980550209634
            ],
            "avg_collision": 0.04081632653061224,
            "avg_evasion": 0.0,
            "avg_reward": 8.612454414367676
        }
    }
}