{
    "TRPO_speed1": {
        "20000_steps": {
            "SR": 0.18059299191374664,
            "avg_step": 46.32614555256065,
            "avg_time": 14.035260321316372,
            "avg_distance": [
                27.513085736973743,
                27.281529651115132,
                26.921850021936635
            ],
            "avg_gap": [
                3.2752324323195006,
                3.1084171297984104,
                3.2603247437982983
            ],
            "avg_collision": 1.725067385444744,
            "avg_evasion": 2.4609164420485174,
            "avg_reward": -19.09090232849121
        },
        "40000_steps": {
            "SR": 0.27851458885941643,
            "avg_step": 45.08222811671087,
            "avg_time": 13.750155249704417,
            "avg_distance": [
                27.998653500909064,
                27.115352383845085,
                27.382513788217747
            ],
            "avg_gap": [
                3.2295587179667815,
                2.8542588100084343,
                3.0301961371023807
            ],
            "avg_collision": 2.1777188328912467,
            "avg_evasion": 3.259946949602122,
            "avg_reward": -15.223361015319824
        },
        "60000_steps": {
            "SR": 0.4562841530054645,
            "avg_step": 41.43715846994535,
            "avg_time": 12.69794425677732,
            "avg_distance": [
                25.004224844807705,
                24.830916733148825,
                25.181793591583723
            ],
            "avg_gap": [
                2.983200066227548,
                2.8775203661546622,
                2.9541319733525966
            ],
            "avg_collision": 2.650273224043716,
            "avg_evasion": 3.0245901639344264,
            "avg_reward": -9.749377250671387
        },
        "80000_steps": {
            "SR": 0.48128342245989303,
            "avg_step": 39.81016042780749,
            "avg_time": 12.248229884846324,
            "avg_distance": [
                24.727178968521056,
                24.388406784129245,
                24.532535021644154
            ],
            "avg_gap": [
                3.0756241241280784,
                2.9663472439607794,
                3.1078350478905685
            ],
            "avg_collision": 2.334224598930481,
            "avg_evasion": 2.8128342245989306,
            "avg_reward": -9.04465389251709
        },
        "100000_steps": {
            "SR": 0.5552631578947368,
            "avg_step": 38.53157894736842,
            "avg_time": 11.832258301659634,
            "avg_distance": [
                24.197804223882788,
                23.846739178030113,
                24.116583860849488
            ],
            "avg_gap": [
                3.0138817810722123,
                2.988593014144935,
                3.146238535179758
            ],
            "avg_collision": 1.9078947368421053,
            "avg_evasion": 2.613157894736842,
            "avg_reward": -6.667905807495117
        },
        "120000_steps": {
            "SR": 0.637883008356546,
            "avg_step": 35.8857938718663,
            "avg_time": 11.120504765789489,
            "avg_distance": [
                22.014207102296712,
                21.883492601206214,
                22.133360295128302
            ],
            "avg_gap": [
                2.9916388010410566,
                2.914213265177964,
                3.0365634170456306
            ],
            "avg_collision": 1.9080779944289694,
            "avg_evasion": 2.4122562674094707,
            "avg_reward": -3.9895665645599365
        },
        "140000_steps": {
            "SR": 0.5826771653543307,
            "avg_step": 36.91076115485564,
            "avg_time": 11.402521958188435,
            "avg_distance": [
                21.96677234165209,
                22.124366421816873,
                22.20336569629866
            ],
            "avg_gap": [
                2.96470018072829,
                2.999061659188913,
                3.1585353043209308
            ],
            "avg_collision": 2.4803149606299213,
            "avg_evasion": 2.3280839895013123,
            "avg_reward": -5.856849670410156
        },
        "160000_steps": {
            "SR": 0.6612903225806451,
            "avg_step": 35.89247311827957,
            "avg_time": 15.789662165026511,
            "avg_distance": [
                21.838577070709587,
                21.598439565279282,
                21.920845377312464
            ],
            "avg_gap": [
                2.959670872198528,
                3.0293684589898358,
                3.029342116748548
            ],
            "avg_collision": 2.0188172043010755,
            "avg_evasion": 2.2096774193548385,
            "avg_reward": -4.13482666015625
        },
        "180000_steps": {
            "SR": 0.7616438356164383,
            "avg_step": 33.50958904109589,
            "avg_time": 26.627047976402388,
            "avg_distance": [
                20.837882316720417,
                20.546608040281548,
                20.931390365632566
            ],
            "avg_gap": [
                2.932449401537545,
                3.112086031537645,
                3.0870372272441933
            ],
            "avg_collision": 1.7753424657534247,
            "avg_evasion": 2.0383561643835617,
            "avg_reward": -2.1190085411071777
        },
        "200000_steps": {
            "SR": 0.7486338797814208,
            "avg_step": 33.5655737704918,
            "avg_time": 26.305248250726795,
            "avg_distance": [
                20.356742158079673,
                20.515170201657668,
                20.535306572914333
            ],
            "avg_gap": [
                3.0145472776770297,
                3.0951145960134094,
                3.244168935139464
            ],
            "avg_collision": 1.9262295081967213,
            "avg_evasion": 2.1775956284153004,
            "avg_reward": -2.343291997909546
        }
    }
}