{
    "PPO_friction0": {
        "20000_steps": {
            "SR": 0.18588235294117647,
            "avg_step": 41.84705882352941,
            "avg_time": 8.014212146085852,
            "avg_distance": [
                11.693301040340893,
                11.327731803184877
            ],
            "avg_gap": [
                5.918447334083464,
                6.058927686356168
            ],
            "avg_collision": 0.8282352941176471,
            "avg_evasion": 0.0,
            "avg_reward": -14.263256072998047
        },
        "40000_steps": {
            "SR": 0.20412844036697247,
            "avg_step": 41.424311926605505,
            "avg_time": 8.205809700379678,
            "avg_distance": [
                16.073612454945447,
                14.222064366014273
            ],
            "avg_gap": [
                5.4109444300680805,
                5.813432768217481
            ],
            "avg_collision": 0.2958715596330275,
            "avg_evasion": 0.0,
            "avg_reward": -12.895374298095703
        },
        "60000_steps": {
            "SR": 0.28337236533957844,
            "avg_step": 38.894613583138174,
            "avg_time": 7.7557418240317135,
            "avg_distance": [
                18.79120939008768,
                16.381211992064422
            ],
            "avg_gap": [
                6.321758578518938,
                5.465624996472507
            ],
            "avg_collision": 0.1873536299765808,
            "avg_evasion": 0.0,
            "avg_reward": -12.248113632202148
        },
        "80000_steps": {
            "SR": 0.3276699029126214,
            "avg_step": 37.96116504854369,
            "avg_time": 7.622785846006523,
            "avg_distance": [
                18.90315892681745,
                20.34182703816843
            ],
            "avg_gap": [
                4.856143771520083,
                5.476074882041902
            ],
            "avg_collision": 0.26941747572815533,
            "avg_evasion": 0.0,
            "avg_reward": -12.828892707824707
        },
        "100000_steps": {
            "SR": 0.45642201834862384,
            "avg_step": 33.309633027522935,
            "avg_time": 6.766403619849354,
            "avg_distance": [
                18.166057042668154,
                18.20412586644149
            ],
            "avg_gap": [
                4.8427423273435,
                5.300406856773077
            ],
            "avg_collision": 0.20871559633027523,
            "avg_evasion": 0.0,
            "avg_reward": -7.542220115661621
        },
        "120000_steps": {
            "SR": 0.5670995670995671,
            "avg_step": 28.87012987012987,
            "avg_time": 5.9287236490290915,
            "avg_distance": [
                15.806905672326582,
                16.561025264534926
            ],
            "avg_gap": [
                4.590763567717334,
                5.2102469508782905
            ],
            "avg_collision": 0.1406926406926407,
            "avg_evasion": 0.0,
            "avg_reward": -1.440798044204712
        },
        "140000_steps": {
            "SR": 0.6,
            "avg_step": 28.668817204301074,
            "avg_time": 5.876457053871565,
            "avg_distance": [
                16.1570611351701,
                16.48601658409383
            ],
            "avg_gap": [
                5.024892241516856,
                4.810945041470059
            ],
            "avg_collision": 0.1978494623655914,
            "avg_evasion": 0.0,
            "avg_reward": -3.7305476665496826
        },
        "160000_steps": {
            "SR": 0.635593220338983,
            "avg_step": 27.114406779661017,
            "avg_time": 5.569427831698272,
            "avg_distance": [
                15.494960539622708,
                15.836661180395577
            ],
            "avg_gap": [
                5.193674326369813,
                4.78770611325364
            ],
            "avg_collision": 0.06991525423728813,
            "avg_evasion": 0.0,
            "avg_reward": -1.3641942739486694
        },
        "180000_steps": {
            "SR": 0.6452991452991453,
            "avg_step": 25.946581196581196,
            "avg_time": 5.383100158638424,
            "avg_distance": [
                15.02013151380099,
                15.411253964908338
            ],
            "avg_gap": [
                5.044808952245696,
                5.2131893623048295
            ],
            "avg_collision": 0.04487179487179487,
            "avg_evasion": 0.0,
            "avg_reward": 0.2592049539089203
        },
        "200000_steps": {
            "SR": 0.5938864628820961,
            "avg_step": 28.314410480349345,
            "avg_time": 5.81691183533731,
            "avg_distance": [
                16.04253033839993,
                16.308412986810044
            ],
            "avg_gap": [
                5.204961274402968,
                5.506154029275665
            ],
            "avg_collision": 0.03056768558951965,
            "avg_evasion": 0.0,
            "avg_reward": -3.6291167736053467
        }
    }
}