{
    "TQC": {
        "default": {
            "SR": 0.9742599742599742,
            "avg_step": 20.846846846846848,
            "avg_time": 6.9067167352065155,
            "avg_distance": [
                13.601781392632276,
                13.564513633240134,
                13.606567808779523
            ],
            "avg_gap": [
                3.1594450413763764,
                3.0544093579266165,
                3.0943102697853773
            ],
            "avg_collision": 0.8120978120978121,
            "avg_evasion": 1.1904761904761905,
            "avg_reward": 12.46069622039795
        },
        "speed0": {
            "SR": 0.9626288659793815,
            "avg_step": 21.811855670103093,
            "avg_time": 6.7313881295243485,
            "avg_distance": [
                14.33338105800361,
                14.461767634208487,
                14.340937374987877
            ],
            "avg_gap": [
                3.0891958434096103,
                3.0205714125427914,
                3.0377359646493938
            ],
            "avg_collision": 0.8337628865979382,
            "avg_evasion": 1.6481958762886597,
            "avg_reward": 11.009894371032715
        },
        "speed1": {
            "SR": 0.9776902887139107,
            "avg_step": 22.244094488188978,
            "avg_time": 7.605897855570936,
            "avg_distance": [
                14.504064210294148,
                14.242234582206503,
                14.284519816030603
            ],
            "avg_gap": [
                3.4304442529744805,
                3.163899635969369,
                3.1920128767893834
            ],
            "avg_collision": 0.9803149606299213,
            "avg_evasion": 0.9671916010498688,
            "avg_reward": 11.151741027832031
        },
        "obstacle0": {
            "SR": 0.8574712643678161,
            "avg_step": 25.671264367816093,
            "avg_time": 9.331914380501056,
            "avg_distance": [
                12.749367863622524,
                12.826303777738023,
                12.638888068680428
            ],
            "avg_gap": [
                3.2612272552328485,
                3.0819047478320907,
                3.0632768982822096
            ],
            "avg_collision": 0.9747126436781609,
            "avg_evasion": 1.664367816091954,
            "avg_reward": 8.218767166137695
        },
        "obstacle1": {
            "SR": 0.9671428571428572,
            "avg_step": 20.97,
            "avg_time": 7.252659436634609,
            "avg_distance": [
                13.507690831684325,
                13.344061846293501,
                13.530624891831359
            ],
            "avg_gap": [
                3.2348002593309952,
                3.208751755016932,
                3.279622396327979
            ],
            "avg_collision": 0.8,
            "avg_evasion": 1.18,
            "avg_reward": 11.56672477722168
        },
        "poses0": {
            "SR": 0.9686847599164927,
            "avg_step": 27.089770354906054,
            "avg_time": 9.156364036751192,
            "avg_distance": [
                19.83178762158931,
                18.520369069906685,
                17.924734254883635
            ],
            "avg_gap": [
                5.700464248672318,
                6.177078290316686,
                6.612713768858394
            ],
            "avg_collision": 1.9352818371607516,
            "avg_evasion": 0.6826722338204593,
            "avg_reward": -2.126657485961914
        },
        "poses1": {
            "SR": 0.9978991596638656,
            "avg_step": 10.457983193277311,
            "avg_time": 3.815668283390398,
            "avg_distance": [
                5.522939099002992,
                5.582127292942107,
                5.6986426337115965
            ],
            "avg_gap": [
                1.1400344577496027,
                0.8979663157495338,
                1.0854699786372752
            ],
            "avg_collision": 0.6134453781512605,
            "avg_evasion": 0.4180672268907563,
            "avg_reward": 37.94132995605469
        },
        "friction0": {
            "SR": 0.9863636363636363,
            "avg_step": 19.663636363636364,
            "avg_time": 6.7231642300432375,
            "avg_distance": [
                13.302172079493195,
                13.342342124078032,
                13.26709356895347
            ],
            "avg_gap": [
                3.2372420891258042,
                3.0802978721717125,
                3.2163485674067513
            ],
            "avg_collision": 0.8484848484848485,
            "avg_evasion": 1.1833333333333333,
            "avg_reward": 12.901707649230957
        },
        "friction1": {
            "SR": 0.9692307692307692,
            "avg_step": 22.331360946745562,
            "avg_time": 7.652538907316309,
            "avg_distance": [
                13.95686723750251,
                13.876688827507238,
                13.931767654511559
            ],
            "avg_gap": [
                3.2243635938888855,
                3.0003095338790375,
                3.096660351568819
            ],
            "avg_collision": 0.7514792899408284,
            "avg_evasion": 1.152662721893491,
            "avg_reward": 11.578800201416016
        }
    }
}