{
    "PPO_obstacle0": {
        "20000_steps": {
            "SR": 0.10666666666666667,
            "avg_step": 46.266666666666666,
            "avg_time": 15.555845899581909,
            "avg_distance": [
                12.418643711217724,
                13.62268500898938,
                12.014919470783413
            ],
            "avg_gap": [
                4.401765937804682,
                4.161216836915481,
                4.1346179987104525
            ],
            "avg_collision": 2.64,
            "avg_evasion": 2.24,
            "avg_reward": -20.708412170410156
        },
        "40000_steps": {
            "SR": 0.10377358490566038,
            "avg_step": 47.33018867924528,
            "avg_time": 15.93516604180606,
            "avg_distance": [
                22.223208162266864,
                18.68034245256368,
                16.94284749860929
            ],
            "avg_gap": [
                3.4613580277463143,
                3.867039282110094,
                3.8583150459800097
            ],
            "avg_collision": 2.9622641509433962,
            "avg_evasion": 3.047169811320755,
            "avg_reward": -20.670154571533203
        },
        "60000_steps": {
            "SR": 0.06206896551724138,
            "avg_step": 48.88275862068966,
            "avg_time": 16.35132561387687,
            "avg_distance": [
                22.048630429901642,
                22.28168726562478,
                22.153846469181932
            ],
            "avg_gap": [
                3.818002830586972,
                3.446635072304794,
                3.6432520872889795
            ],
            "avg_collision": 2.6551724137931036,
            "avg_evasion": 3.1862068965517243,
            "avg_reward": -22.69605255126953
        },
        "80000_steps": {
            "SR": 0.2824074074074074,
            "avg_step": 44.717592592592595,
            "avg_time": 14.98086095297778,
            "avg_distance": [
                21.635247231386455,
                21.003906934870088,
                20.554147199908446
            ],
            "avg_gap": [
                3.512166712639516,
                3.4027144257031696,
                3.484141952266257
            ],
            "avg_collision": 1.8888888888888888,
            "avg_evasion": 3.199074074074074,
            "avg_reward": -16.305570602416992
        },
        "100000_steps": {
            "SR": 0.19913419913419914,
            "avg_step": 46.307359307359306,
            "avg_time": 15.339456324969536,
            "avg_distance": [
                23.938101067793294,
                24.618174657193986,
                23.69672741766026
            ],
            "avg_gap": [
                3.4759728608179006,
                3.619127791199525,
                3.2543328742769337
            ],
            "avg_collision": 1.4415584415584415,
            "avg_evasion": 3.9523809523809526,
            "avg_reward": -16.355239868164062
        },
        "120000_steps": {
            "SR": 0.22624434389140272,
            "avg_step": 45.457013574660635,
            "avg_time": 15.07680116519669,
            "avg_distance": [
                23.5906994942245,
                22.792883571800324,
                23.37674584083814
            ],
            "avg_gap": [
                3.364742117278117,
                3.704834356105912,
                3.5219912260775765
            ],
            "avg_collision": 1.3936651583710407,
            "avg_evasion": 3.48868778280543,
            "avg_reward": -15.671388626098633
        },
        "140000_steps": {
            "SR": 0.33175355450236965,
            "avg_step": 43.55924170616114,
            "avg_time": 14.562036074733282,
            "avg_distance": [
                21.680542012995897,
                20.718862650800638,
                21.249641945962875
            ],
            "avg_gap": [
                3.381497382958792,
                3.482926443241008,
                3.514756584683371
            ],
            "avg_collision": 1.8341232227488151,
            "avg_evasion": 3.5545023696682465,
            "avg_reward": -14.625994682312012
        },
        "160000_steps": {
            "SR": 0.3627906976744186,
            "avg_step": 43.47441860465116,
            "avg_time": 14.55760044497113,
            "avg_distance": [
                21.15247752241526,
                20.29301685845782,
                21.333754837363
            ],
            "avg_gap": [
                3.463736279551723,
                3.4742540752221003,
                3.3521206408336828
            ],
            "avg_collision": 1.8930232558139535,
            "avg_evasion": 3.2651162790697676,
            "avg_reward": -13.737811088562012
        },
        "180000_steps": {
            "SR": 0.2636363636363636,
            "avg_step": 45.304545454545455,
            "avg_time": 15.127862606265328,
            "avg_distance": [
                22.326566081950272,
                21.61043584256205,
                22.37258497007393
            ],
            "avg_gap": [
                3.5813009833329543,
                3.6106224414391788,
                3.3299030949544433
            ],
            "avg_collision": 1.990909090909091,
            "avg_evasion": 3.5545454545454547,
            "avg_reward": -15.358054161071777
        },
        "200000_steps": {
            "SR": 0.4212962962962963,
            "avg_step": 40.7037037037037,
            "avg_time": 13.627336625699643,
            "avg_distance": [
                19.602622047352355,
                20.17082318584714,
                19.332256454193658
            ],
            "avg_gap": [
                3.574742383137689,
                3.3558000497259606,
                3.185348879428654
            ],
            "avg_collision": 1.9351851851851851,
            "avg_evasion": 2.9444444444444446,
            "avg_reward": -10.60702896118164
        }
    }
}