{
    "TD3_obstacle1": {
        "20000_steps": {
            "SR": 0.3014705882352941,
            "avg_step": 43.2389705882353,
            "avg_time": 14.685247517683926,
            "avg_distance": [
                26.989149204729095,
                27.94590984765682,
                27.58739315541607
            ],
            "avg_gap": [
                3.1285046867031596,
                4.449592287172286,
                3.4943938961742025
            ],
            "avg_collision": 1.2205882352941178,
            "avg_evasion": 3.625,
            "avg_reward": -12.82506275177002
        },
        "40000_steps": {
            "SR": 0.42857142857142855,
            "avg_step": 40.68214285714286,
            "avg_time": 13.863767788239889,
            "avg_distance": [
                25.388012771791214,
                26.436146769033826,
                25.10504039236399
            ],
            "avg_gap": [
                3.192175934630526,
                4.081684992830083,
                2.8258211551604826
            ],
            "avg_collision": 1.1428571428571428,
            "avg_evasion": 3.6678571428571427,
            "avg_reward": -8.606914520263672
        },
        "60000_steps": {
            "SR": 0.7278688524590164,
            "avg_step": 33.65901639344262,
            "avg_time": 11.51265293965574,
            "avg_distance": [
                20.5550436689185,
                21.161300412557978,
                20.816558387829982
            ],
            "avg_gap": [
                3.388633273045639,
                3.2746238081745607,
                3.0888113493647524
            ],
            "avg_collision": 1.4032786885245903,
            "avg_evasion": 2.60327868852459,
            "avg_reward": -2.1813619136810303
        },
        "80000_steps": {
            "SR": 0.8532110091743119,
            "avg_step": 29.25993883792049,
            "avg_time": 10.085454692898905,
            "avg_distance": [
                18.419057729133506,
                18.29932601372092,
                17.941504747413635
            ],
            "avg_gap": [
                3.4415906790879194,
                3.1652880344686123,
                2.7615440880448134
            ],
            "avg_collision": 1.073394495412844,
            "avg_evasion": 2.302752293577982,
            "avg_reward": 2.1831107139587402
        },
        "100000_steps": {
            "SR": 0.9174311926605505,
            "avg_step": 25.706422018348626,
            "avg_time": 8.948260117014614,
            "avg_distance": [
                15.908043069698223,
                16.002239455012248,
                16.090280391582105
            ],
            "avg_gap": [
                3.144197381864772,
                3.285519203475683,
                2.9519335753157674
            ],
            "avg_collision": 1.238532110091743,
            "avg_evasion": 1.9418960244648318,
            "avg_reward": 5.64258337020874
        },
        "120000_steps": {
            "SR": 0.9272237196765498,
            "avg_step": 25.02964959568733,
            "avg_time": 8.709432785723088,
            "avg_distance": [
                15.770202151543732,
                16.17153856760857,
                16.233233417235308
            ],
            "avg_gap": [
                3.215688507274168,
                3.3396468465431313,
                3.0896246311847557
            ],
            "avg_collision": 0.8436657681940701,
            "avg_evasion": 1.894878706199461,
            "avg_reward": 5.828397274017334
        },
        "140000_steps": {
            "SR": 0.925207756232687,
            "avg_step": 25.23268698060942,
            "avg_time": 8.731020799303979,
            "avg_distance": [
                16.245762171818512,
                15.949266452231832,
                16.03925245211664
            ],
            "avg_gap": [
                3.3162295638923314,
                3.3368999912131354,
                3.225190101622389
            ],
            "avg_collision": 1.080332409972299,
            "avg_evasion": 1.8975069252077563,
            "avg_reward": 6.051273822784424
        },
        "160000_steps": {
            "SR": 0.9354838709677419,
            "avg_step": 23.39589442815249,
            "avg_time": 7.6147825067693535,
            "avg_distance": [
                14.961219659768803,
                15.20857632571354,
                14.962989310337678
            ],
            "avg_gap": [
                3.24613958851765,
                3.318028274933809,
                3.21073921195347
            ],
            "avg_collision": 0.8211143695014663,
            "avg_evasion": 1.6187683284457477,
            "avg_reward": 7.189833164215088
        },
        "180000_steps": {
            "SR": 0.9637883008356546,
            "avg_step": 22.069637883008358,
            "avg_time": 6.668049897988195,
            "avg_distance": [
                14.20124027954778,
                14.330184160479607,
                14.302565674717462
            ],
            "avg_gap": [
                3.0609763948419086,
                3.3320229289716727,
                3.2644713289948437
            ],
            "avg_collision": 0.9192200557103064,
            "avg_evasion": 1.5236768802228413,
            "avg_reward": 9.150904655456543
        },
        "200000_steps": {
            "SR": 0.9554317548746518,
            "avg_step": 22.362116991643454,
            "avg_time": 6.509569760484616,
            "avg_distance": [
                14.050888535396329,
                14.488840384462932,
                14.133496111551793
            ],
            "avg_gap": [
                3.195746588519878,
                3.239358013823124,
                3.145736896777285
            ],
            "avg_collision": 0.9080779944289693,
            "avg_evasion": 1.4707520891364902,
            "avg_reward": 9.124427795410156
        }
    }
}