{
    "CrossQ": {
        "default": {
            "SR": 0.9279393173198482,
            "avg_step": 25.280657395701642,
            "avg_time": 9.34197322125682,
            "avg_distance": [
                16.622358570051972,
                16.204728714184046,
                16.170785662304475
            ],
            "avg_gap": [
                3.12241399580533,
                3.0731826274937757,
                3.0549493983486595
            ],
            "avg_collision": 1.1656131479140328,
            "avg_evasion": 1.9051833122629582,
            "avg_reward": 6.075939178466797
        },
        "speed0": {
            "SR": 0.9301143583227446,
            "avg_step": 25.341804320203305,
            "avg_time": 7.37475665672913,
            "avg_distance": [
                16.700467403528762,
                16.557883401162254,
                16.308909296131286
            ],
            "avg_gap": [
                3.0924977843043084,
                3.0480709220309294,
                3.0036381946815283
            ],
            "avg_collision": 1.085133418043202,
            "avg_evasion": 2.227445997458704,
            "avg_reward": 5.689996719360352
        },
        "speed1": {
            "SR": 0.9351491569390402,
            "avg_step": 26.35408560311284,
            "avg_time": 9.001351573278622,
            "avg_distance": [
                17.193811535854596,
                16.79879347816312,
                16.989605471315883
            ],
            "avg_gap": [
                3.0513702967570913,
                3.131616696466382,
                3.297371925760184
            ],
            "avg_collision": 0.9870298313878081,
            "avg_evasion": 1.688715953307393,
            "avg_reward": 4.978856563568115
        },
        "obstacle0": {
            "SR": 0.7377049180327869,
            "avg_step": 31.94613583138173,
            "avg_time": 11.78155707531288,
            "avg_distance": [
                16.148615099574,
                14.82538090876448,
                14.98937714225437
            ],
            "avg_gap": [
                3.336669232544264,
                3.226021288457178,
                3.3514089502768436
            ],
            "avg_collision": 1.079625292740047,
            "avg_evasion": 2.529274004683841,
            "avg_reward": -0.4772188663482666
        },
        "obstacle1": {
            "SR": 0.9372262773722628,
            "avg_step": 24.814598540145987,
            "avg_time": 8.618914900730996,
            "avg_distance": [
                15.882885150877486,
                15.675014795435462,
                15.619173558939844
            ],
            "avg_gap": [
                3.025089950680736,
                3.142606539564228,
                3.0666079788425162
            ],
            "avg_collision": 0.9591240875912409,
            "avg_evasion": 1.897810218978102,
            "avg_reward": 6.54433536529541
        },
        "poses0": {
            "SR": 0.91005291005291,
            "avg_step": 30.97248677248677,
            "avg_time": 10.481536533466723,
            "avg_distance": [
                21.35138275010665,
                21.00691447031818,
                19.711848089389253
            ],
            "avg_gap": [
                5.518593936459146,
                5.639533340160861,
                6.128074855081201
            ],
            "avg_collision": 1.7375661375661375,
            "avg_evasion": 1.2402116402116403,
            "avg_reward": -4.546726703643799
        },
        "poses1": {
            "SR": 0.9726603575184016,
            "avg_step": 17.467928496319665,
            "avg_time": 6.11907483902138,
            "avg_distance": [
                9.572570264125233,
                9.90107332980237,
                9.866789213380688
            ],
            "avg_gap": [
                1.1608116529717072,
                1.3293143973938004,
                1.2134785660838667
            ],
            "avg_collision": 0.8475289169295478,
            "avg_evasion": 1.423764458464774,
            "avg_reward": 26.6298885345459
        },
        "friction0": {
            "SR": 0.9629629629629629,
            "avg_step": 23.478395061728396,
            "avg_time": 8.011355113100123,
            "avg_distance": [
                15.861583629132186,
                15.703551929869636,
                15.851638771470334
            ],
            "avg_gap": [
                3.1228167668255673,
                3.1513802522707963,
                3.091435049405261
            ],
            "avg_collision": 1.0925925925925926,
            "avg_evasion": 1.771604938271605,
            "avg_reward": 7.16282844543457
        },
        "friction1": {
            "SR": 0.9250585480093677,
            "avg_step": 26.914519906323186,
            "avg_time": 9.212757933056048,
            "avg_distance": [
                16.715761970331826,
                16.406078706934853,
                16.336387063229623
            ],
            "avg_gap": [
                3.1097702095709803,
                3.0423560795686644,
                3.0562217006346697
            ],
            "avg_collision": 0.8934426229508197,
            "avg_evasion": 1.9836065573770492,
            "avg_reward": 5.134512901306152
        }
    }
}