{
    "DDPG_obstacle0": {
        "20000_steps": {
            "SR": 0.14285714285714285,
            "avg_step": 47.59605911330049,
            "avg_time": 14.602305532089009,
            "avg_distance": [
                27.161763930975912,
                26.40998248679121,
                26.449171959935967
            ],
            "avg_gap": [
                3.9711793927955035,
                3.506579590144562,
                4.231159823383428
            ],
            "avg_collision": 0.9113300492610837,
            "avg_evasion": 3.8620689655172415,
            "avg_reward": -18.223339080810547
        },
        "40000_steps": {
            "SR": 0.3183856502242152,
            "avg_step": 44.224215246636774,
            "avg_time": 10.857589134720943,
            "avg_distance": [
                24.372400685509007,
                23.585449684585654,
                24.188656862858156
            ],
            "avg_gap": [
                3.597684751862895,
                3.2168609385828573,
                3.6537433255389233
            ],
            "avg_collision": 1.5650224215246638,
            "avg_evasion": 4.103139013452915,
            "avg_reward": -12.97586727142334
        },
        "60000_steps": {
            "SR": 0.46017699115044247,
            "avg_step": 40.43805309734513,
            "avg_time": 9.027166440423612,
            "avg_distance": [
                22.17787093261018,
                20.518892281008206,
                20.634253707076624
            ],
            "avg_gap": [
                3.5118683549696823,
                3.0874685301856393,
                3.4241428948601653
            ],
            "avg_collision": 1.2964601769911503,
            "avg_evasion": 3.814159292035398,
            "avg_reward": -8.977020263671875
        },
        "80000_steps": {
            "SR": 0.5739130434782609,
            "avg_step": 37.59130434782609,
            "avg_time": 8.360197754528212,
            "avg_distance": [
                19.4334113736522,
                19.279593726663574,
                19.00708036166143
            ],
            "avg_gap": [
                3.3486741029133253,
                2.8652132672466766,
                3.215738856596887
            ],
            "avg_collision": 1.8521739130434782,
            "avg_evasion": 3.2956521739130435,
            "avg_reward": -5.487807750701904
        },
        "100000_steps": {
            "SR": 0.645933014354067,
            "avg_step": 35.68421052631579,
            "avg_time": 7.962243742919995,
            "avg_distance": [
                18.464819998182875,
                18.749270737208185,
                19.303148117406902
            ],
            "avg_gap": [
                3.435435516360752,
                3.0239392803019514,
                3.155729026523525
            ],
            "avg_collision": 1.0861244019138756,
            "avg_evasion": 2.9569377990430623,
            "avg_reward": -3.0713438987731934
        },
        "120000_steps": {
            "SR": 0.658008658008658,
            "avg_step": 35.34199134199134,
            "avg_time": 7.948949060398779,
            "avg_distance": [
                18.448113778386258,
                17.974831618300644,
                17.611077784901916
            ],
            "avg_gap": [
                3.3738805084942896,
                2.998223577428191,
                3.4271476680985113
            ],
            "avg_collision": 0.8874458874458875,
            "avg_evasion": 3.1125541125541125,
            "avg_reward": -2.904122829437256
        },
        "140000_steps": {
            "SR": 0.6538461538461539,
            "avg_step": 35.9059829059829,
            "avg_time": 8.055534845743423,
            "avg_distance": [
                19.641864799350042,
                17.758638975301736,
                17.596809977915044
            ],
            "avg_gap": [
                3.308758559053558,
                3.1485539818408084,
                3.3974783869147713
            ],
            "avg_collision": 1.1965811965811965,
            "avg_evasion": 2.9358974358974357,
            "avg_reward": -2.723660707473755
        },
        "160000_steps": {
            "SR": 0.7307692307692307,
            "avg_step": 32.06410256410256,
            "avg_time": 7.184080353150001,
            "avg_distance": [
                16.94439487632981,
                16.17330672391106,
                17.037044029530563
            ],
            "avg_gap": [
                3.1258257958552247,
                3.4007605800565543,
                3.1009169597967223
            ],
            "avg_collision": 1.0213675213675213,
            "avg_evasion": 2.5256410256410255,
            "avg_reward": 0.28332653641700745
        },
        "180000_steps": {
            "SR": 0.7239819004524887,
            "avg_step": 33.497737556561084,
            "avg_time": 7.520468252276943,
            "avg_distance": [
                17.73494995232965,
                15.99222966612436,
                17.57314603493679
            ],
            "avg_gap": [
                3.278631387155199,
                3.047548089425861,
                3.4473892365031706
            ],
            "avg_collision": 0.8552036199095022,
            "avg_evasion": 2.728506787330317,
            "avg_reward": -0.6997247934341431
        },
        "200000_steps": {
            "SR": 0.7927927927927928,
            "avg_step": 30.82882882882883,
            "avg_time": 6.967723880802189,
            "avg_distance": [
                16.518798075482565,
                15.028044440148241,
                15.673584379607542
            ],
            "avg_gap": [
                3.1883218586680826,
                3.290457905323001,
                3.096545942250942
            ],
            "avg_collision": 0.9279279279279279,
            "avg_evasion": 2.481981981981982,
            "avg_reward": 1.9615709781646729
        }
    }
}