{
    "PPO_default": {
        "20000_steps": {
            "SR": 0.16210526315789472,
            "avg_step": 42.88,
            "avg_time": 8.10753640074479,
            "avg_distance": [
                13.30220734910624,
                12.641102062301247
            ],
            "avg_gap": [
                5.91734386672849,
                6.1704082293703095
            ],
            "avg_collision": 0.5410526315789473,
            "avg_evasion": 0.0,
            "avg_reward": -15.540369987487793
        },
        "40000_steps": {
            "SR": 0.2288659793814433,
            "avg_step": 40.738144329896905,
            "avg_time": 7.826704957804729,
            "avg_distance": [
                15.96135581538514,
                14.862003654698027
            ],
            "avg_gap": [
                5.513539776415368,
                5.7408090283844135
            ],
            "avg_collision": 0.24123711340206186,
            "avg_evasion": 0.0,
            "avg_reward": -13.913071632385254
        },
        "60000_steps": {
            "SR": 0.2616033755274262,
            "avg_step": 40.369198312236286,
            "avg_time": 7.7722305200270965,
            "avg_distance": [
                20.20498873662706,
                18.626439397326813
            ],
            "avg_gap": [
                5.034077776576989,
                5.5883261683249685
            ],
            "avg_collision": 0.310126582278481,
            "avg_evasion": 0.0,
            "avg_reward": -15.62586498260498
        },
        "80000_steps": {
            "SR": 0.340956340956341,
            "avg_step": 37.268191268191266,
            "avg_time": 7.139652504990353,
            "avg_distance": [
                18.84572379969252,
                18.628881987541984
            ],
            "avg_gap": [
                4.823835745207715,
                5.146688670433668
            ],
            "avg_collision": 0.44490644490644493,
            "avg_evasion": 0.0,
            "avg_reward": -12.356502532958984
        },
        "100000_steps": {
            "SR": 0.4692622950819672,
            "avg_step": 33.092213114754095,
            "avg_time": 6.438931416781222,
            "avg_distance": [
                18.14718611523811,
                17.839087042798084
            ],
            "avg_gap": [
                4.610519233196003,
                5.135413156084509
            ],
            "avg_collision": 0.16598360655737704,
            "avg_evasion": 0.0,
            "avg_reward": -7.882232189178467
        },
        "120000_steps": {
            "SR": 0.5595744680851064,
            "avg_step": 29.793617021276596,
            "avg_time": 5.874387566079485,
            "avg_distance": [
                16.91650679529068,
                16.998260368975632
            ],
            "avg_gap": [
                4.4812658982468925,
                5.2374038491890875
            ],
            "avg_collision": 0.15106382978723404,
            "avg_evasion": 0.0,
            "avg_reward": -5.7300615310668945
        },
        "140000_steps": {
            "SR": 0.6193415637860082,
            "avg_step": 29.41769547325103,
            "avg_time": 5.807198435190774,
            "avg_distance": [
                16.93975284107684,
                16.534540483143285
            ],
            "avg_gap": [
                4.774728079207041,
                4.956007734755887
            ],
            "avg_collision": 0.1748971193415638,
            "avg_evasion": 0.0,
            "avg_reward": -5.7375969886779785
        },
        "160000_steps": {
            "SR": 0.5838509316770186,
            "avg_step": 30.492753623188406,
            "avg_time": 6.009689634137519,
            "avg_distance": [
                17.91955742935353,
                17.995391608853165
            ],
            "avg_gap": [
                4.985927094865117,
                5.025707528705342
            ],
            "avg_collision": 0.10351966873706005,
            "avg_evasion": 0.0,
            "avg_reward": -8.340218544006348
        },
        "180000_steps": {
            "SR": 0.6443089430894309,
            "avg_step": 26.75609756097561,
            "avg_time": 5.331094616312321,
            "avg_distance": [
                15.605715771006926,
                15.168378577750941
            ],
            "avg_gap": [
                4.887636166488097,
                5.208374284120963
            ],
            "avg_collision": 0.054878048780487805,
            "avg_evasion": 0.0,
            "avg_reward": -0.9855680465698242
        },
        "200000_steps": {
            "SR": 0.6477732793522267,
            "avg_step": 26.81983805668016,
            "avg_time": 5.36239567314565,
            "avg_distance": [
                15.765056817798623,
                16.243168447668133
            ],
            "avg_gap": [
                5.099541676770028,
                5.656743432235757
            ],
            "avg_collision": 0.08704453441295547,
            "avg_evasion": 0.0,
            "avg_reward": -2.233168125152588
        }
    }
}