{
    "TD3": {
        "default": {
            "SR": 0.8905109489051095,
            "avg_step": 16.849148418491485,
            "avg_time": 4.35032452429008,
            "avg_distance": [
                10.246775272200392,
                10.393406482227954
            ],
            "avg_gap": [
                6.414758793104404,
                5.742338914284106
            ],
            "avg_collision": 0.16666666666666666,
            "avg_evasion": 0.0,
            "avg_reward": 7.814445495605469
        },
        "speed0": {
            "SR": 0.8905109489051095,
            "avg_step": 16.849148418491485,
            "avg_time": 4.410951086494465,
            "avg_distance": [
                10.246775272200392,
                10.393406482227954
            ],
            "avg_gap": [
                6.414758793104404,
                5.742338914284106
            ],
            "avg_collision": 0.16666666666666666,
            "avg_evasion": 0.0,
            "avg_reward": 7.814445495605469
        },
        "speed1": {
            "SR": 0.8905109489051095,
            "avg_step": 16.849148418491485,
            "avg_time": 4.400908599514741,
            "avg_distance": [
                10.246775272200392,
                10.393406482227954
            ],
            "avg_gap": [
                6.414758793104404,
                5.742338914284106
            ],
            "avg_collision": 0.16666666666666666,
            "avg_evasion": 0.0,
            "avg_reward": 7.814445495605469
        },
        "obstacle0": {
            "SR": 0.8272251308900523,
            "avg_step": 20.090314136125656,
            "avg_time": 5.336071671303654,
            "avg_distance": [
                10.186211060502345,
                11.114432096408184
            ],
            "avg_gap": [
                6.687028399938309,
                5.586331129128985
            ],
            "avg_collision": 0.14136125654450263,
            "avg_evasion": 0.0,
            "avg_reward": 4.701534271240234
        },
        "obstacle1": {
            "SR": 0.8842767295597485,
            "avg_step": 18.247798742138365,
            "avg_time": 4.7617439273018505,
            "avg_distance": [
                10.897075808047811,
                11.289258994656159
            ],
            "avg_gap": [
                6.84176033430156,
                5.579095810434387
            ],
            "avg_collision": 0.06792452830188679,
            "avg_evasion": 0.0,
            "avg_reward": 5.1251068115234375
        },
        "poses0": {
            "SR": 1.0,
            "avg_step": 27.501,
            "avg_time": 6.923366909742355,
            "avg_distance": [
                17.175999292397194,
                23.070100259060617
            ],
            "avg_gap": [
                16.101694703754724,
                7.92095430066497
            ],
            "avg_collision": 0.0,
            "avg_evasion": 0.0,
            "avg_reward": -10.782691955566406
        },
        "poses1": {
            "SR": 1.0,
            "avg_step": 2.0,
            "avg_time": 0.9518611795902252,
            "avg_distance": [
                0.4255722815257071,
                0.6157419748858461
            ],
            "avg_gap": [
                1.1646577381885448,
                1.4327859226205597
            ],
            "avg_collision": 0.0,
            "avg_evasion": 0.0,
            "avg_reward": 57.520999908447266
        },
        "friction0": {
            "SR": 0.88671875,
            "avg_step": 16.795572916666668,
            "avg_time": 4.404944785870612,
            "avg_distance": [
                9.918128702244294,
                10.710923506462029
            ],
            "avg_gap": [
                6.699074743465041,
                5.516222125043594
            ],
            "avg_collision": 0.11067708333333333,
            "avg_evasion": 0.0,
            "avg_reward": 8.374600410461426
        },
        "friction1": {
            "SR": 0.7396149949341438,
            "avg_step": 23.28774062816616,
            "avg_time": 5.676578408437417,
            "avg_distance": [
                11.364296901726775,
                13.29615060769393
            ],
            "avg_gap": [
                7.223848046420344,
                5.99011638185458
            ],
            "avg_collision": 0.0851063829787234,
            "avg_evasion": 0.0,
            "avg_reward": 0.35509926080703735
        }
    }
}