{
    "TQC_default": {
        "20000_steps": {
            "SR": 0.5989974937343359,
            "avg_step": 38.203007518796994,
            "avg_time": 11.75288516656498,
            "avg_distance": [
                24.92679918792424,
                25.010520100188334,
                24.096824278933774
            ],
            "avg_gap": [
                3.122054207482814,
                3.0439337575442544,
                2.755080101573295
            ],
            "avg_collision": 1.3283208020050126,
            "avg_evasion": 3.468671679197995,
            "avg_reward": -6.358668804168701
        },
        "40000_steps": {
            "SR": 0.2538860103626943,
            "avg_step": 43.92227979274612,
            "avg_time": 13.522434360005077,
            "avg_distance": [
                29.722810316235588,
                28.89405956267723,
                29.187322989950534
            ],
            "avg_gap": [
                3.0934579708634122,
                3.2873584339353803,
                3.52440306885387
            ],
            "avg_collision": 1.1269430051813472,
            "avg_evasion": 4.16580310880829,
            "avg_reward": -12.471960067749023
        },
        "60000_steps": {
            "SR": 0.34293193717277487,
            "avg_step": 42.09947643979058,
            "avg_time": 13.009108919123705,
            "avg_distance": [
                28.107399560815256,
                27.85536959690923,
                28.577038007944918
            ],
            "avg_gap": [
                3.480070650441058,
                3.1084477031463433,
                3.6661355387373202
            ],
            "avg_collision": 1.1413612565445026,
            "avg_evasion": 3.8821989528795813,
            "avg_reward": -11.30207347869873
        },
        "80000_steps": {
            "SR": 0.9393139841688655,
            "avg_step": 25.767810026385224,
            "avg_time": 8.172506913031626,
            "avg_distance": [
                16.87030185826282,
                16.863429641074887,
                17.221321457883377
            ],
            "avg_gap": [
                2.946424004056074,
                3.1287227652552865,
                3.0948333652554134
            ],
            "avg_collision": 0.7915567282321899,
            "avg_evasion": 1.725593667546174,
            "avg_reward": 6.260060787200928
        },
        "100000_steps": {
            "SR": 0.9489247311827957,
            "avg_step": 23.489247311827956,
            "avg_time": 7.526988499908037,
            "avg_distance": [
                15.181578113746651,
                15.381569694308265,
                15.507028116754427
            ],
            "avg_gap": [
                3.0381918950275035,
                3.1098746079406117,
                3.1710127522316967
            ],
            "avg_collision": 0.8602150537634409,
            "avg_evasion": 1.456989247311828,
            "avg_reward": 7.769227981567383
        },
        "120000_steps": {
            "SR": 0.9574468085106383,
            "avg_step": 23.720744680851062,
            "avg_time": 7.56667730021984,
            "avg_distance": [
                15.035165196710247,
                15.289266531556438,
                15.570174150740549
            ],
            "avg_gap": [
                3.0189922533158904,
                3.070207369205896,
                3.2836247674936767
            ],
            "avg_collision": 0.9308510638297872,
            "avg_evasion": 1.622340425531915,
            "avg_reward": 8.82872486114502
        },
        "140000_steps": {
            "SR": 0.9556135770234987,
            "avg_step": 23.255874673629243,
            "avg_time": 7.431815296800578,
            "avg_distance": [
                14.828897192377323,
                15.060097544304332,
                15.03047698045463
            ],
            "avg_gap": [
                3.072176797805936,
                3.1844640920358978,
                3.039148756004826
            ],
            "avg_collision": 1.010443864229765,
            "avg_evasion": 1.6449086161879896,
            "avg_reward": 8.888765335083008
        },
        "160000_steps": {
            "SR": 0.9636363636363636,
            "avg_step": 22.735064935064933,
            "avg_time": 7.276713917472145,
            "avg_distance": [
                14.602297508894294,
                14.829539730471067,
                14.81547268512109
            ],
            "avg_gap": [
                3.06824902879903,
                3.1988716396138077,
                3.156499152541406
            ],
            "avg_collision": 1.174025974025974,
            "avg_evasion": 1.574025974025974,
            "avg_reward": 9.567748069763184
        },
        "180000_steps": {
            "SR": 0.962059620596206,
            "avg_step": 21.88617886178862,
            "avg_time": 7.060509639703808,
            "avg_distance": [
                14.092708992243457,
                14.373956717158755,
                14.392391102981827
            ],
            "avg_gap": [
                3.086546056904419,
                3.1905464234033705,
                3.278746603778868
            ],
            "avg_collision": 0.8699186991869918,
            "avg_evasion": 1.3577235772357723,
            "avg_reward": 10.95299243927002
        },
        "200000_steps": {
            "SR": 0.9818181818181818,
            "avg_step": 20.47012987012987,
            "avg_time": 6.614646338797235,
            "avg_distance": [
                13.600499021867694,
                13.51843466589507,
                13.544964868745293
            ],
            "avg_gap": [
                3.0181960800883036,
                3.128496843507765,
                3.1151463593373663
            ],
            "avg_collision": 0.6857142857142857,
            "avg_evasion": 1.1168831168831168,
            "avg_reward": 13.16395092010498
        }
    }
}