{
    "TD3_speed0": {
        "20000_steps": {
            "SR": 0.3469387755102041,
            "avg_step": 42.3469387755102,
            "avg_time": 14.085183023190012,
            "avg_distance": [
                27.89204936203431,
                28.46800112557515,
                27.757989918501078
            ],
            "avg_gap": [
                3.222029013034355,
                4.286566779377047,
                3.3947057770692086
            ],
            "avg_collision": 1.1607142857142858,
            "avg_evasion": 4.030612244897959,
            "avg_reward": -12.155097007751465
        },
        "40000_steps": {
            "SR": 0.45618556701030927,
            "avg_step": 40.420103092783506,
            "avg_time": 13.426796084212274,
            "avg_distance": [
                26.426763758014033,
                27.277576045987765,
                25.911976726358485
            ],
            "avg_gap": [
                3.0427037615474197,
                4.1000718964095375,
                2.8389479464362095
            ],
            "avg_collision": 1.1469072164948453,
            "avg_evasion": 4.283505154639175,
            "avg_reward": -8.427884101867676
        },
        "60000_steps": {
            "SR": 0.7329842931937173,
            "avg_step": 33.861256544502616,
            "avg_time": 11.377178346299376,
            "avg_distance": [
                21.562193196644287,
                21.77314439615276,
                21.534456324955155
            ],
            "avg_gap": [
                3.193187058367233,
                3.268314329583781,
                2.8114483474821785
            ],
            "avg_collision": 1.5890052356020943,
            "avg_evasion": 3.342931937172775,
            "avg_reward": -2.3286848068237305
        },
        "80000_steps": {
            "SR": 0.8242574257425742,
            "avg_step": 29.626237623762375,
            "avg_time": 10.01576853978752,
            "avg_distance": [
                19.016016728777497,
                19.156250969756275,
                18.961327724009593
            ],
            "avg_gap": [
                3.2146857389083525,
                3.1769157206081715,
                2.865991590472711
            ],
            "avg_collision": 1.608910891089109,
            "avg_evasion": 2.7846534653465347,
            "avg_reward": 1.6775404214859009
        },
        "100000_steps": {
            "SR": 0.9125964010282777,
            "avg_step": 25.23393316195373,
            "avg_time": 8.627616057972062,
            "avg_distance": [
                16.05687219925166,
                16.05927186186505,
                16.334244272450537
            ],
            "avg_gap": [
                3.225267961176263,
                3.0601489261971193,
                3.0844793850768206
            ],
            "avg_collision": 1.06426735218509,
            "avg_evasion": 2.2493573264781492,
            "avg_reward": 5.523078441619873
        },
        "120000_steps": {
            "SR": 0.9136125654450262,
            "avg_step": 26.146596858638745,
            "avg_time": 8.922554837471528,
            "avg_distance": [
                16.83231990422354,
                17.115144961482827,
                17.319403710492583
            ],
            "avg_gap": [
                3.109691158418703,
                3.227810267433464,
                3.041092913272257
            ],
            "avg_collision": 0.8638743455497382,
            "avg_evasion": 2.269633507853403,
            "avg_reward": 5.448182582855225
        },
        "140000_steps": {
            "SR": 0.9420654911838791,
            "avg_step": 24.209068010075566,
            "avg_time": 8.268221823934944,
            "avg_distance": [
                15.758493444667273,
                15.875400936395092,
                15.77518327477271
            ],
            "avg_gap": [
                3.209136170070625,
                3.098586374106022,
                3.1276577384302433
            ],
            "avg_collision": 0.8916876574307305,
            "avg_evasion": 2.118387909319899,
            "avg_reward": 6.466820240020752
        },
        "160000_steps": {
            "SR": 0.9510309278350515,
            "avg_step": 23.59536082474227,
            "avg_time": 8.0759067676731,
            "avg_distance": [
                15.54565813785004,
                15.439330388853595,
                15.569843784504487
            ],
            "avg_gap": [
                3.036841979449954,
                3.1960049995807402,
                2.9513304863277
            ],
            "avg_collision": 0.7809278350515464,
            "avg_evasion": 2.0231958762886597,
            "avg_reward": 7.9532623291015625
        },
        "180000_steps": {
            "SR": 0.9496221662468514,
            "avg_step": 22.889168765743072,
            "avg_time": 7.86543854357914,
            "avg_distance": [
                14.995368799345949,
                15.213716416223352,
                15.043092278222336
            ],
            "avg_gap": [
                3.2274531312397183,
                3.111394554549284,
                3.030100141313266
            ],
            "avg_collision": 0.8060453400503779,
            "avg_evasion": 2.042821158690176,
            "avg_reward": 8.18879222869873
        },
        "200000_steps": {
            "SR": 0.9601990049751243,
            "avg_step": 22.676616915422887,
            "avg_time": 7.770306728965608,
            "avg_distance": [
                14.907603326019174,
                14.979748686641582,
                14.7827562992811
            ],
            "avg_gap": [
                3.1390370367253237,
                2.9872947735218145,
                3.034387614452552
            ],
            "avg_collision": 0.8955223880597015,
            "avg_evasion": 1.9029850746268657,
            "avg_reward": 8.340959548950195
        }
    }
}