{
    "DDPG_speed0": {
        "20000_steps": {
            "SR": 0.4244031830238727,
            "avg_step": 42.350132625994696,
            "avg_time": 13.03891661881768,
            "avg_distance": [
                28.119063919905916,
                27.683780476107607,
                28.147378760748335
            ],
            "avg_gap": [
                3.42357649977951,
                2.8156621945437865,
                3.3887185160442974
            ],
            "avg_collision": 1.090185676392573,
            "avg_evasion": 4.389920424403183,
            "avg_reward": -10.274947166442871
        },
        "40000_steps": {
            "SR": 0.7229551451187335,
            "avg_step": 34.42744063324538,
            "avg_time": 10.71243845755947,
            "avg_distance": [
                22.61698926781697,
                22.21553406982113,
                22.092654235014948
            ],
            "avg_gap": [
                3.227283001002252,
                2.8870613955547486,
                3.275721298494193
            ],
            "avg_collision": 1.3324538258575198,
            "avg_evasion": 3.4379947229551453,
            "avg_reward": -2.503580331802368
        },
        "60000_steps": {
            "SR": 0.7727272727272727,
            "avg_step": 31.700534759358288,
            "avg_time": 9.909986915435383,
            "avg_distance": [
                20.536924222385203,
                20.283129027461435,
                20.648802774395822
            ],
            "avg_gap": [
                3.2339147599880205,
                2.84468916553819,
                3.0069636076713313
            ],
            "avg_collision": 1.072192513368984,
            "avg_evasion": 2.9385026737967914,
            "avg_reward": -0.09074600040912628
        },
        "80000_steps": {
            "SR": 0.8589743589743589,
            "avg_step": 29.44102564102564,
            "avg_time": 9.264638089522338,
            "avg_distance": [
                19.243150713663496,
                18.52783327301743,
                18.54974370053512
            ],
            "avg_gap": [
                3.1451474955391983,
                2.837178544239071,
                3.1624074842488716
            ],
            "avg_collision": 1.141025641025641,
            "avg_evasion": 2.658974358974359,
            "avg_reward": 2.7703864574432373
        },
        "100000_steps": {
            "SR": 0.8759493670886076,
            "avg_step": 28.093670886075948,
            "avg_time": 8.857731820360014,
            "avg_distance": [
                18.347237372259283,
                18.281549735612717,
                18.369575061179358
            ],
            "avg_gap": [
                3.1290974718183566,
                2.995702872996158,
                3.138702420049137
            ],
            "avg_collision": 0.9113924050632911,
            "avg_evasion": 2.4506329113924052,
            "avg_reward": 4.190257549285889
        },
        "120000_steps": {
            "SR": 0.8616187989556136,
            "avg_step": 29.16710182767624,
            "avg_time": 9.176412419301723,
            "avg_distance": [
                19.32537925546792,
                18.97358743716087,
                18.902446034066244
            ],
            "avg_gap": [
                3.1580048569159103,
                2.9512915402508,
                3.0865890591005622
            ],
            "avg_collision": 0.9164490861618799,
            "avg_evasion": 2.5953002610966056,
            "avg_reward": 3.3919177055358887
        },
        "140000_steps": {
            "SR": 0.8992628992628993,
            "avg_step": 27.877149877149876,
            "avg_time": 8.804919021428363,
            "avg_distance": [
                18.346007229289082,
                18.059946989956046,
                18.212493167115603
            ],
            "avg_gap": [
                3.0139951384850394,
                2.8216772376861514,
                3.1624022525511077
            ],
            "avg_collision": 0.8918918918918919,
            "avg_evasion": 2.447174447174447,
            "avg_reward": 4.438070297241211
        },
        "160000_steps": {
            "SR": 0.9310344827586207,
            "avg_step": 27.05835543766578,
            "avg_time": 8.558558561441437,
            "avg_distance": [
                17.74687248088424,
                17.46030479130895,
                17.643911432706027
            ],
            "avg_gap": [
                3.1386357950424517,
                2.8508487170566195,
                3.1293898386196046
            ],
            "avg_collision": 0.9761273209549072,
            "avg_evasion": 2.429708222811671,
            "avg_reward": 6.170003890991211
        },
        "180000_steps": {
            "SR": 0.8923884514435696,
            "avg_step": 28.10236220472441,
            "avg_time": 8.898758349456186,
            "avg_distance": [
                18.764328748869115,
                18.158891252710234,
                18.575696615303297
            ],
            "avg_gap": [
                3.208787945340845,
                3.0531341979377737,
                3.022662053424972
            ],
            "avg_collision": 0.8451443569553806,
            "avg_evasion": 2.3622047244094486,
            "avg_reward": 4.560890197753906
        },
        "200000_steps": {
            "SR": 0.9385026737967914,
            "avg_step": 26.59625668449198,
            "avg_time": 8.442174171381456,
            "avg_distance": [
                17.69701945689591,
                17.217084926573413,
                17.68705013968551
            ],
            "avg_gap": [
                3.037551423440458,
                2.921088404826544,
                3.099498069514119
            ],
            "avg_collision": 0.8743315508021391,
            "avg_evasion": 2.371657754010695,
            "avg_reward": 6.266773700714111
        }
    }
}