{
    "SAC_default": {
        "20000_steps": {
            "SR": 0.35805626598465473,
            "avg_step": 43.37595907928389,
            "avg_time": 13.280965650782866,
            "avg_distance": [
                27.99572981364853,
                27.682665790896117,
                28.515513742768846
            ],
            "avg_gap": [
                3.0200591042452114,
                2.882923745347157,
                3.028143436539148
            ],
            "avg_collision": 1.5473145780051152,
            "avg_evasion": 3.8797953964194374,
            "avg_reward": -11.138566970825195
        },
        "40000_steps": {
            "SR": 0.7235142118863049,
            "avg_step": 33.56072351421189,
            "avg_time": 10.41862090983132,
            "avg_distance": [
                21.995012670098983,
                22.031194830472117,
                22.212661875340544
            ],
            "avg_gap": [
                3.185981020478548,
                3.123859757539858,
                3.156026506829218
            ],
            "avg_collision": 1.2816537467700257,
            "avg_evasion": 2.7751937984496124,
            "avg_reward": -2.9612696170806885
        },
        "60000_steps": {
            "SR": 0.6835443037974683,
            "avg_step": 34.48101265822785,
            "avg_time": 10.703801495515847,
            "avg_distance": [
                22.2525718957928,
                22.53425208619618,
                22.186059733991645
            ],
            "avg_gap": [
                3.3422282275453283,
                3.2682208798859627,
                3.1018059030142595
            ],
            "avg_collision": 1.2582278481012659,
            "avg_evasion": 2.6354430379746834,
            "avg_reward": -4.075501441955566
        },
        "80000_steps": {
            "SR": 0.8092783505154639,
            "avg_step": 29.920103092783506,
            "avg_time": 9.320130595226878,
            "avg_distance": [
                19.657360468900656,
                19.330578914632017,
                19.60962709696351
            ],
            "avg_gap": [
                3.24258431848887,
                3.0988392349192346,
                2.9922925188269573
            ],
            "avg_collision": 0.9355670103092784,
            "avg_evasion": 2.4381443298969074,
            "avg_reward": 1.3613529205322266
        },
        "100000_steps": {
            "SR": 0.8947368421052632,
            "avg_step": 28.092105263157894,
            "avg_time": 8.779492584027743,
            "avg_distance": [
                18.384291449996827,
                18.386069797511396,
                18.20889781233716
            ],
            "avg_gap": [
                3.3253967102413,
                3.1806210394832797,
                2.976707707024311
            ],
            "avg_collision": 1.0526315789473684,
            "avg_evasion": 2.139473684210526,
            "avg_reward": 3.0761570930480957
        },
        "120000_steps": {
            "SR": 0.9197860962566845,
            "avg_step": 25.425133689839573,
            "avg_time": 8.00293294057489,
            "avg_distance": [
                16.533124258745808,
                16.254492043784932,
                16.407880087411442
            ],
            "avg_gap": [
                3.313084525077987,
                3.1388298961982932,
                3.033921037420299
            ],
            "avg_collision": 1.03475935828877,
            "avg_evasion": 1.7406417112299466,
            "avg_reward": 6.263643741607666
        },
        "140000_steps": {
            "SR": 0.9554455445544554,
            "avg_step": 23.915841584158414,
            "avg_time": 7.518599628221871,
            "avg_distance": [
                15.496343464961926,
                15.578381114322232,
                15.762642171101486
            ],
            "avg_gap": [
                3.263358606180871,
                3.286085824478395,
                3.2032530899491336
            ],
            "avg_collision": 0.7970297029702971,
            "avg_evasion": 1.5594059405940595,
            "avg_reward": 7.269144058227539
        },
        "160000_steps": {
            "SR": 0.949874686716792,
            "avg_step": 23.418546365914786,
            "avg_time": 7.424884925808823,
            "avg_distance": [
                15.19136783697029,
                15.23023778914421,
                15.242682257196998
            ],
            "avg_gap": [
                3.2849415253036054,
                3.2580029528991825,
                3.140093410580361
            ],
            "avg_collision": 0.8345864661654135,
            "avg_evasion": 1.5137844611528821,
            "avg_reward": 8.620950698852539
        },
        "180000_steps": {
            "SR": 0.9817708333333334,
            "avg_step": 21.236979166666668,
            "avg_time": 6.7710960650195675,
            "avg_distance": [
                13.847965819473693,
                14.025802283865621,
                14.087181771971373
            ],
            "avg_gap": [
                3.1461168397616723,
                3.0779647393371348,
                3.066742947363436
            ],
            "avg_collision": 0.8125,
            "avg_evasion": 1.1380208333333333,
            "avg_reward": 10.958416938781738
        },
        "200000_steps": {
            "SR": 0.9725,
            "avg_step": 20.855,
            "avg_time": 6.657806321978569,
            "avg_distance": [
                13.61961425827707,
                13.580275719325497,
                13.748626693368628
            ],
            "avg_gap": [
                3.1925187170341514,
                3.220708103548156,
                2.9688164600105322
            ],
            "avg_collision": 0.845,
            "avg_evasion": 1.2475,
            "avg_reward": 11.414146423339844
        }
    }
}