{
    "PPO_obstacle0": {
        "20000_steps": {
            "SR": 0.23052959501557632,
            "avg_step": 39.73520249221184,
            "avg_time": 8.52201755098836,
            "avg_distance": [
                9.919854110659733,
                9.589519339023322
            ],
            "avg_gap": [
                5.742227123794855,
                5.70563006691594
            ],
            "avg_collision": 0.102803738317757,
            "avg_evasion": 0.0,
            "avg_reward": -11.287336349487305
        },
        "40000_steps": {
            "SR": 0.26666666666666666,
            "avg_step": 39.14666666666667,
            "avg_time": 8.19584995651245,
            "avg_distance": [
                14.69363413955544,
                12.987029838271475
            ],
            "avg_gap": [
                5.444121415008467,
                5.939814288818277
            ],
            "avg_collision": 0.30933333333333335,
            "avg_evasion": 0.0,
            "avg_reward": -13.425336837768555
        },
        "60000_steps": {
            "SR": 0.3107769423558897,
            "avg_step": 38.50375939849624,
            "avg_time": 8.03325563385373,
            "avg_distance": [
                16.58391924222706,
                16.1540069209108
            ],
            "avg_gap": [
                5.387683193765673,
                5.388230933910156
            ],
            "avg_collision": 0.3132832080200501,
            "avg_evasion": 0.0,
            "avg_reward": -13.2482328414917
        },
        "80000_steps": {
            "SR": 0.40425531914893614,
            "avg_step": 34.54137115839244,
            "avg_time": 7.288078350941904,
            "avg_distance": [
                15.951987880300447,
                16.429945914338667
            ],
            "avg_gap": [
                4.897263426861601,
                5.356500031013996
            ],
            "avg_collision": 0.19621749408983452,
            "avg_evasion": 0.0,
            "avg_reward": -9.651668548583984
        },
        "100000_steps": {
            "SR": 0.4861751152073733,
            "avg_step": 33.566820276497694,
            "avg_time": 7.1181060169149655,
            "avg_distance": [
                17.252030015182466,
                16.56468983373707
            ],
            "avg_gap": [
                4.641489709731123,
                5.518511418861356
            ],
            "avg_collision": 0.347926267281106,
            "avg_evasion": 0.0,
            "avg_reward": -8.222225189208984
        },
        "120000_steps": {
            "SR": 0.5168269230769231,
            "avg_step": 31.76923076923077,
            "avg_time": 6.756119389946644,
            "avg_distance": [
                16.32747530041722,
                16.028982756168467
            ],
            "avg_gap": [
                4.458527684126784,
                5.544487875270372
            ],
            "avg_collision": 0.27403846153846156,
            "avg_evasion": 0.0,
            "avg_reward": -8.451372146606445
        },
        "140000_steps": {
            "SR": 0.6507936507936508,
            "avg_step": 28.34467120181406,
            "avg_time": 6.079531529052457,
            "avg_distance": [
                15.05242678424202,
                15.226611650325731
            ],
            "avg_gap": [
                4.662603297101803,
                5.217320089412087
            ],
            "avg_collision": 0.36507936507936506,
            "avg_evasion": 0.0,
            "avg_reward": -4.129770278930664
        },
        "160000_steps": {
            "SR": 0.6473214285714286,
            "avg_step": 27.602678571428573,
            "avg_time": 5.938936926424503,
            "avg_distance": [
                15.222494156909733,
                15.028543990399204
            ],
            "avg_gap": [
                4.704290275302134,
                5.1272318048752
            ],
            "avg_collision": 0.20089285714285715,
            "avg_evasion": 0.0,
            "avg_reward": -1.0938433408737183
        },
        "180000_steps": {
            "SR": 0.6304347826086957,
            "avg_step": 27.971739130434784,
            "avg_time": 5.936788323132888,
            "avg_distance": [
                14.74973135869588,
                14.747005935835322
            ],
            "avg_gap": [
                5.35642553922316,
                5.4789507835454385
            ],
            "avg_collision": 0.06304347826086956,
            "avg_evasion": 0.0,
            "avg_reward": -1.2302860021591187
        },
        "200000_steps": {
            "SR": 0.6039823008849557,
            "avg_step": 29.172566371681416,
            "avg_time": 5.419841663499849,
            "avg_distance": [
                15.759453437213791,
                15.255457254444627
            ],
            "avg_gap": [
                5.2794735449044605,
                5.497002601596632
            ],
            "avg_collision": 0.12168141592920353,
            "avg_evasion": 0.0,
            "avg_reward": -5.895312309265137
        }
    }
}